strategy,trial,config_hash,seeds,mean_ce_ann,params
MINVAR,0,95d030a14e615cb21c361b6a29d1d5c46cc68657bdd6435986fc4fbe92820373,100 101,0.07169543456170406,hl=62.18706061521437;risk='lw';window=60
MINVAR,1,e5e0fe1e6291ab8738eaf125cc4c26a1f184b27a72034a9aba1315991f04093b,100 101,0.042242984812513804,hl=53.17710820602144;risk='sample';window=246
MINVAR,2,56397df0f7ed1a130b83ca3638189e30efa3702adfa99439687664fb1a40830c,100 101,0.041296448573970426,hl=191.10687880678455;risk='pca';window=134
MINVAR,3,50e42031de19ad6469c1413767663df3137a5a9bbd1c52a3853b0cdf7c2ddd00,100 101,0.0526451821061643,hl=145.04823727912415;risk='lw';window=224
RANK_LS,0,5a13609f42574bba300867482cb748f06d190743fdb05a5622fbb2017c59c16e,100 101,-0.12819274583385204,optimizer.p_rank=0.6424435721869107
RANK_LS,1,9d7e05f3f7d2495c611f5794aa035cbddf90362a868888b78eb4aa0f73fffc0c,100 101,-0.13588375245002626,optimizer.p_rank=1.9317676541064739
RANK_LS,2,332461731cb0fd8392c80742c97d597d87c2acf008c6d569efa94252e2ccccb9,100 101,-0.13946629855282622,optimizer.p_rank=1.6836820867186026
RANK_LS,3,67065485bcec9eca99570709581f13b09f785ac45e1d9970d28907bc0cc978be,100 101,-0.13468150080384778,optimizer.p_rank=2.042767475355023
MV,0,4dab55030a335a2fd0e81b2ba38446e16e6cdacb3a18c89297d3b3fa97ff9c05,100 101,-0.0015127890942412253,optimizer.cost_scale=2.1533718606989525;optimizer.gamma=94.51722083224139;risk='lw';shrink=0.8392553476547719
MV,1,530d287f6862b54f7574d96542400d7800402a9bf62785620033327bf02e227d,100 101,-0.005940201352863701,optimizer.cost_scale=2.044001277596058;optimizer.gamma=1.2094309544678798;risk='lw';shrink=1.3548547733725018
MV,2,a1c3f6d0399ef45b74528163df75706172ca3c669a407007f9deb576a9889fb3,100 101,-0.0016383683110357246,optimizer.cost_scale=2.885985556782481;optimizer.gamma=52.607609041894015;risk='sample';shrink=0.7898916745308964
MV,3,f6f067100f2a5b685af31db0e1cd3d7fdc4dd93f395a5bad7dd1bd4c01c080f6,100 101,-0.0020628685304974184,optimizer.cost_scale=1.6115275510804281;optimizer.gamma=4.3821252101175325;risk='sample';shrink=0.4033022402418217
MV_NC,0,a805261a5df2313ec8dacd03060aef3cad89dced82a9d9170f375c71e7e4581e,100 101,-0.1052606807808655,optimizer.gamma=0.6332367485511953;risk='lw';shrink=0.9911239280789282
MV_NC,1,f95bac85edf2f59db126dda125d1df7130f0c81a69e506935bc73f215634dcb0,100 101,-0.0021240580937566898,optimizer.gamma=91.97264319689464;risk='sample';shrink=0.5535202216764371
MV_NC,2,b673a0ea6d2524d0ffa263223d264cdfa10d3a5210433d8ecb5c41a75df37447,100 101,-0.012070094796588942,optimizer.gamma=18.635013626893;risk='ewma';shrink=0.5623031650979995
MV_NC,3,e0f8ea288f43875a22eb2e0443fca3a252409f9d58eb3a82649bd75f01baf1d3,100 101,-0.058227326875233375,optimizer.gamma=1.2388613081687327;risk='lw';shrink=0.39766820226750843
CVAR,0,f7adbb05eeff2167cc0b1d89e6cf4e69b5a1b4e5bf5913570229658cf6e3374d,100 101,-0.005747562875846865,optimizer.alpha=0.9;optimizer.cost_scale=2.5361188772753627;optimizer.eta_cvar=0.0003000751615494042;shrink=1.0961456713280961
CVAR,1,7a6d87a6c0f6d5f0686614603f7b10e5a71c9a4e76a0c2867ee8e77e8ebd40e6,100 101,-0.05749113420890518,optimizer.alpha=0.9;optimizer.cost_scale=0.6401233864460811;optimizer.eta_cvar=0.0019403410530572191;shrink=1.1577196939665189
CVAR,2,500dc9c5ece8e557d17ff855e4763fa45d12e48f4abca062ae0ca275838cffa9,100 101,-0.006510734214631065,optimizer.alpha=0.975;optimizer.cost_scale=0.8856582154821416;optimizer.eta_cvar=0.024721091368751467;shrink=1.1011551279424938
CVAR,3,b5a30b665a6800692b56b1abda7dc9ee5992c61ded687ad47f203f3215aac4bb,100 101,-0.02822658463211766,optimizer.alpha=0.975;optimizer.cost_scale=0.7737048040215372;optimizer.eta_cvar=0.005482129482651075;shrink=1.418024908525705
ROBUST,0,143dacd72d30ac76c049e52f852f698c0ccbf89f57041362180c00e2982aef1a,100 101,-0.00015207889127783465,optimizer.cost_scale=2.685765373579029;optimizer.gamma=14.337290879679108;optimizer.kappa_rob=0.6380056107680049;risk='lw'
ROBUST,1,a2dbeea67b2c56f27648ee0e4acafa49379de6fdcda1ddcbb21f1166bd7efe8f,100 101,-0.0037359442149005814,optimizer.cost_scale=1.4933193451147335;optimizer.gamma=26.82412687637801;optimizer.kappa_rob=0.11540793709409103;risk='ewma'
ROBUST,2,46c8bb76ef5b7cf3876ad7a6688f5658fe5d5b4f7c61c5c7f22d4e8ec2bc6911,100 101,-1.691898030751793e-05,optimizer.cost_scale=2.094502786243415;optimizer.gamma=10.519196998184054;optimizer.kappa_rob=0.9719547474007698;risk='lw'
ROBUST,3,6674582194f843ca0f2e9e4be51637148f0d91e68e0bb3728efaa2f2ab538398,100 101,-0.0007171013068483159,optimizer.cost_scale=2.7549705983982986;optimizer.gamma=27.43431691016417;optimizer.kappa_rob=0.30396719692632557;risk='ewma'
MPC,0,82f7a86369fe379bade53632eed7f52af0dba918e59a7ac2998380713e712464,100 101,-0.02171684218748724,optimizer.H=10;optimizer.cost_scale=0.44395698243889126;optimizer.delta=0.9227753936943723;optimizer.gamma=1.0622834188813197
MPC,1,1122dab1a44d76027ecd800616a4857ced1dcf60a2eaaea76f3b7358616f8a8e,100 101,-0.018845290642662483,optimizer.H=10;optimizer.cost_scale=0.9374085146624884;optimizer.delta=0.93948239547343;optimizer.gamma=0.30769891985603487
MPC,2,26c67e3ab641fb3aefbd7d577b6a49501aff46e47206a73d21f1145c566256e6,100 101,-0.023884762445332084,optimizer.H=3;optimizer.cost_scale=0.3542913857580241;optimizer.delta=0.9730130739076022;optimizer.gamma=1.124413541860412
MPC,3,cfb3c0751fd01ab1f73fd3ba38f8108c345883dbde6e5311d3eea3fdc1342f69,100 101,-0.013721057699367632,optimizer.H=3;optimizer.cost_scale=0.3944190640003234;optimizer.delta=0.9985044160467602;optimizer.gamma=4.575667963103688
LADDER_plain,0,feeee38cf1942125c59df5188c482d1f14bc2cdc9fad5c2f1170e5ee870f2e44,100 101,-0.0055294487156049045,gamma=0.3
LADDER_plain,1,1831a1405db2b869571342f57cb16a2664782507da309b7cfc3cb499dfb34c65,100 101,-0.005392624995372745,gamma=0.808
LADDER_plain,2,5fe53e00e041f84f3bcccd224c05e7ec0ef48a839294e1471169e35cb60a9bd1,100 101,-0.00526261187328012,gamma=2.18
LADDER_plain,3,827f7796b670431dc2ee9fce1083efeea48b2977daf698eab2122178171ffd5c,100 101,-0.00563639711326436,gamma=5.87
LADDER_plain,4,fb75ebe3e43c0cd2c8e938bc95b778c802dbcb934f10d12cc4a96286542cb0a7,100 101,-0.005605065080382144,gamma=15.8
LADDER_plain,5,cdfeeece2218a14b2e90f2d779df29cd40a55f9ca0217bee614fedd2b7003395,100 101,-0.003361723963095845,gamma=42.6
LADDER_plain,6,e227173045ff82fdb1bd42a2438b235bc19da520011d205c8806f7aa56cd5c09,100 101,-0.0016650843846859492,gamma=115.0
LADDER_plain,7,272af583c4b78669c40b28c031baea838dd3ba233a67603e328230c6f6ff3127,100 101,-0.0007735695033783984,gamma=300.0
LADDER_plain_NC,0,ab47c05664785b3804c0a696ba70eeb742c478aa4bb58b8511eeb26d689eb24d,100 101,-0.11245104071015338,gamma=0.3
LADDER_plain_NC,1,e3c44aece9065af1bfd3e06a931c8cd7aedd3f5c816921745bf97932c2fb510e,100 101,-0.09502899186192683,gamma=0.808
LADDER_plain_NC,2,e886c6e3172bdc0101a263e9d96eac63fa6e024ffbb80bea500b929955bc1f8b,100 101,-0.06554130618861476,gamma=2.18
LADDER_plain_NC,3,5915d2c9cb7c8278aa88eb348d87a33ef0f3e019ccfaeef5cb26545157d967a8,100 101,-0.0512498100536561,gamma=5.87
LADDER_plain_NC,4,43beff1fb4ca2e4be4295d0a2f75781e9e44f271442ee127e40174e2cfde7cb6,100 101,-0.02301659100828779,gamma=15.8
LADDER_plain_NC,5,2fa9d9346768fdfd3f2408d36f092591f65898985d38d6a1a72122409a5d8d2e,100 101,-0.007820612349995823,gamma=42.6
LADDER_plain_NC,6,db9320424a7e2c7ea32f4921079c1c204de0e3b51c22312f2973f4a1a4635faa,100 101,-0.0027371615097261113,gamma=115.0
LADDER_plain_NC,7,66095f0d72817239ce2ca566338f7ec55f381033a3d9a4a81f41f273bb958178,100 101,-0.0010000439261192583,gamma=300.0
LADDER_noisy_0.25,0,0f40b8ecbd39c97ba424c8a78ce84a4f73ba203551c686e6906ba80407c68882,100 101,0.029338496343443987,gamma=0.3
LADDER_noisy_0.25,1,da0b33ff9dc142cd1f6c5b956fc9c81a1a77e944a45772620dcf6a155fc34f6f,100 101,0.028155687927409752,gamma=0.808
LADDER_noisy_0.25,2,e88a69bed7f01267940c35e10f953dfcff11e6fa871854e70aa80484f5c53eca,100 101,0.024697851915901896,gamma=2.18
LADDER_noisy_0.25,3,c886b27f46cddde50662aee1742cd43cbf735c86268d7bc748f0da97f8c8e313,100 101,0.01741629775598396,gamma=5.87
LADDER_noisy_0.25,4,0a019020b7c338cdbc0aa628503ddf865f8b78b1934a82000491cbc505383b80,100 101,0.011965471140870739,gamma=15.8
LADDER_noisy_0.25,5,c8236edcfb005ba159ab4b5f2183aff737bb70c302c0ec5c479d8cabf3763422,100 101,0.008970026556071535,gamma=42.6
LADDER_noisy_0.25,6,ea580716cb417249450bf4c3f654a126a4f6969f5433718c17722af7f425527c,100 101,0.004923602039151006,gamma=115.0
LADDER_noisy_0.25,7,df93f109843ab1ab28644d3a51b30bc005567d2b7299089c41a1941df5734884,100 101,0.0022416851146545547,gamma=300.0
LADDER_noisy_0.25_NC,0,bd8a832524169ad4172d8deacafd6ce5c6b7b60aed39e9b8726e58503c82630c,100 101,-0.017947872934230634,gamma=0.3
LADDER_noisy_0.25_NC,1,89fe21a6acb63e7c397d99d5ca3c8fbe028700f83d2b65e353eb066a687e4019,100 101,-0.02569139281454758,gamma=0.808
LADDER_noisy_0.25_NC,2,abefd94521f149f1f37902c485d64df69f2e4f85f5b4dec288116133f45c563f,100 101,-0.03126817476752503,gamma=2.18
LADDER_noisy_0.25_NC,3,2b9475768a5ae95d7ead4201bbfa3a61f725ae8c1f54ef56875450ea0218dad8,100 101,-0.004565484982941641,gamma=5.87
LADDER_noisy_0.25_NC,4,43fad625aa5b002557326b50296125ec27565e847e0a7941e43189a521e79ee3,100 101,0.009664137118262452,gamma=15.8
LADDER_noisy_0.25_NC,5,181887d06e16cdc662bc0ccf4be1402afd91a90c4378f3c7378249945634cc15,100 101,0.01197696754669582,gamma=42.6
LADDER_noisy_0.25_NC,6,11bd47dfe56aa46fa2276b3cb4e7cc9ce836f2fcdfe15cd92ea075a5851417cc,100 101,0.00662303985184323,gamma=115.0
LADDER_noisy_0.25_NC,7,46007d72083f0d13c70033594c59c84da49b86cd5f4e56258da9018ad4313aaf,100 101,0.002843617001260263,gamma=300.0
LADDER_noisy_0.5,0,4980b85470dade5b4c71931783e0d6f4b2de6ad736128b1a35ffd1b35a6eb0b3,100 101,0.016402095654594155,gamma=0.3
LADDER_noisy_0.5,1,e6dca24e4603873fad99663383403c359a260d9ae1ba2351514c1af0db61a54e,100 101,0.015342100152945615,gamma=0.808
LADDER_noisy_0.5,2,36d6e26686e2f28fde64243d9bee55f0de8cb7ad958b91120369deebc507b65e,100 101,0.015276104835358243,gamma=2.18
LADDER_noisy_0.5,3,0aa6134eb3a410617cca478a29181d42a85a8a4785da89e07c27abd856f0762d,100 101,0.013944468378190526,gamma=5.87
LADDER_noisy_0.5,4,84373c8ff6e74826deb6756e461ecdc19e59c9aa3f91896c82cdb23bb25159ab,100 101,0.010683427052321552,gamma=15.8
LADDER_noisy_0.5,5,5708573df29149fd5ee6794409b5700c3ffd128db85eb2c7adc4b6ea6e5e713c,100 101,0.008815418717115194,gamma=42.6
LADDER_noisy_0.5,6,a2006171d2413285a077f98724fac959ab6bbddace85b117821f28fd32ae0ba0,100 101,0.005399908886119982,gamma=115.0
LADDER_noisy_0.5,7,22ae4dca8f14a0f225fda1c0ceabfc8fb93034eea756b9aa631141fae007766a,100 101,0.002585338885079904,gamma=300.0
LADDER_noisy_0.5_NC,0,e03780e37d4859c7bed15f1b2c063064da345be6e7646e9ccd0a24d691313203,100 101,-0.06702078931421807,gamma=0.3
LADDER_noisy_0.5_NC,1,3550102ebbd54132efa848b76caf2fe3ce5a374f843ec2ba5b770a3b46dcac1a,100 101,-0.06089441435293263,gamma=0.808
LADDER_noisy_0.5_NC,2,6752826383fe43fdae58f38e690977181981518ef04acd28a913ded083ffaad5,100 101,-0.043551940283258914,gamma=2.18
LADDER_noisy_0.5_NC,3,5cb67b6001a69c58e7271b7e21b6f3bf1d44192d651ea9f950b4e27f2557b7d5,100 101,-0.008298360648219713,gamma=5.87
LADDER_noisy_0.5_NC,4,e10c8ea333922101fedc2eaa174f140c42ac4f05011587e303ab42e9fc14ebbc,100 101,0.015474081278832163,gamma=15.8
LADDER_noisy_0.5_NC,5,c5915d2d6215226457d8713922949b18aef37f08d1ae3d236d49592b56c572e9,100 101,0.016683326928457844,gamma=42.6
LADDER_noisy_0.5_NC,6,750a300f777b317dcca36109f49494a7ac12d8c28707216002e429d04ce12eff,100 101,0.007873530240155191,gamma=115.0
LADDER_noisy_0.5_NC,7,82cb42dc35b66ec7e65e093ca3157a225b18b20b9cfdf8528e5af089ce13c1fa,100 101,0.0032955462781557973,gamma=300.0
LADDER_noisy_0.75,0,74ef0e2ae138dd7e43ffe5f8087f1579c22ad88fcc28137c7c3f1df132f9f1c4,100 101,0.003908507550487075,gamma=0.3
LADDER_noisy_0.75,1,b10414ac1f9bbc03616609061cc1c2d99242a4b0a90832a76fd38b68a35e624c,100 101,0.0024142093384995848,gamma=0.808
LADDER_noisy_0.75,2,27859b3e50f74fbac70e04a90e921d5cb330c2246b89fcee253c8e367a4fe76c,100 101,0.004984831691560578,gamma=2.18
LADDER_noisy_0.75,3,68d469ee5a113e99a59a5976432369bc3b1bdd4ee3132adb873005b33dac95d2,100 101,0.008498105922858563,gamma=5.87
LADDER_noisy_0.75,4,8f30a4f78c836a3512a5140cc9dc558bc5e60d4783b01215bcb88f671997555d,100 101,0.008610623545049888,gamma=15.8
LADDER_noisy_0.75,5,f597e9305cfde2b05bea8413cfdec5ec449aa48059251ac220cb087088710924,100 101,0.0076546784981322575,gamma=42.6
LADDER_noisy_0.75,6,7214060343c0f91e88bd201b1f0a414fe42880fa28a18cdbfa219e39754d1c5b,100 101,0.005199513845901407,gamma=115.0
LADDER_noisy_0.75,7,9e10b4815bf6888cf66ed4429633c5ecf9ba17a7ac450094c490328d8da73456,100 101,0.0026254840548553503,gamma=300.0
LADDER_noisy_0.75_NC,0,51fef1303fa38f84f8ca71d491264f9ec31a6f97778888e1a3047d86b6e4e054,100 101,-0.051434101950770854,gamma=0.3
LADDER_noisy_0.75_NC,1,6c062852516133ba63f1672b7446dd1709532e3a1c6cff64bd931e593c76d721,100 101,-0.043998556427347596,gamma=0.808
LADDER_noisy_0.75_NC,2,1be9113c9d7d4fd703e3e44c76191862cb51d88308ab97076c1f6c20f3cf2825,100 101,-0.03472008889042453,gamma=2.18
LADDER_noisy_0.75_NC,3,cf927cf433e6b4c438db860a0d3f5529a96110440bc24201b6e7c2929cadb253,100 101,-0.012196537133442584,gamma=5.87
LADDER_noisy_0.75_NC,4,a0c938fcae85dc8a40e8fefe7b54f21ca8fad03f120db9dea17adae21950de17,100 101,0.025011796776658275,gamma=15.8
LADDER_noisy_0.75_NC,5,5cacd0de97dc673c1528feeb566dc82bd5708bdfe1757893f4337279213245be,100 101,0.020792594105199735,gamma=42.6
LADDER_noisy_0.75_NC,6,9efc0b09acd8cc1d4044448b68fec0b6a6839652f40410c5ffc9d9db21f35cf1,100 101,0.008536439157273059,gamma=115.0
LADDER_noisy_0.75_NC,7,23fbfd658a22e5c5e862850a2c5b951afb95979110d968b5c961696ab20c7204,100 101,0.0034929141828691414,gamma=300.0
LADDER_oracle,0,bebf2878a2b5a4c77a67c3296af2e17e6240e94817b3b937500ec743af2483ee,100 101,-0.0005934546383614195,gamma=0.3
LADDER_oracle,1,5a463dc304343ee84cfabc4e0c99416ae42a6fd6dcadbb13be92d388574858fb,100 101,-0.003692373302629776,gamma=0.808
LADDER_oracle,2,ec275c948932abe2e11deaba98156f3ae509bfd686566c6b403e2e67d0772ce1,100 101,-0.005981974662479473,gamma=2.18
LADDER_oracle,3,2c0ac14b918b4058e165b400986ef6846f3b4704315300cf2c6f94641993da40,100 101,-0.002196566156465622,gamma=5.87
LADDER_oracle,4,e1f279fa2bf93cafe9c1488c348329fdc083136f1dc7e8c2efe36011f3120030,100 101,-0.00025505301443673207,gamma=15.8
LADDER_oracle,5,752d3ad58759d6e038fb7cbb9af39246b575ad33ceabd8b5f1b60f42880fce38,100 101,0.0006571769586419421,gamma=42.6
LADDER_oracle,6,8c52d11122d8607c78c3c28d7a8d5b19f0cebd02b7c496d5bdf52b18e768df1c,100 101,0.0008856608156565645,gamma=115.0
LADDER_oracle,7,a5b0f06388748e254bedc3c64f2c3e2db3a04c27709a206132031090e016935d,100 101,0.000823262433426212,gamma=300.0
LADDER_oracle_NC,0,c5a5cc21a75f68405e97af037ea777085dc78aef9276bdd173a4b28b354a6d05,100 101,-0.04339986111229328,gamma=0.3
LADDER_oracle_NC,1,dc607f135fc6efe04309aa8f1a8f6212b946fa689d72e0085185b3e5e9453ae7,100 101,-0.033688586548239384,gamma=0.808
LADDER_oracle_NC,2,6e4bc2eb6f59f76c252f56a32a4ee70170424a7dce0fa7dff5e47f791dd2ed71,100 101,-0.022230572241403696,gamma=2.18
LADDER_oracle_NC,3,728591b6982d9ed4d87edfcaf43c4ba70ba11a9b726d38895b144b2f989af4b4,100 101,0.006498228716842304,gamma=5.87
LADDER_oracle_NC,4,7af80a7ba850356fc8212f5ac0a109ce7b9f07e1fe8b732a20495c4ed30e01d6,100 101,0.030117241764802412,gamma=15.8
LADDER_oracle_NC,5,a883da12cc276a4b9099ba6afdac5ed2e9c1ff7121ca30d21d2fc3f87faa0171,100 101,0.014754249285419636,gamma=42.6
LADDER_oracle_NC,6,819e6655c6c4642bd7108bdd0967ddc9f57f3d63976ea3efaa672f5d585125bb,100 101,0.005936983918716422,gamma=115.0
LADDER_oracle_NC,7,04fff8e0f862f2c0afa730e23c36b9f0001e475da11f5400087edce2167e4869,100 101,0.0023959138783933207,gamma=300.0
RETUNED_MINVAR,0,6ec2570976361ac5731dac8f6476b4c0ea3be8389d99a07b15258239bc876f12,100 101,-0.09408966666567374,hl=62.18706061521437;risk='lw';window=60
RETUNED_MINVAR,1,47a9ded9fb05690d1b90e1c1f56190808c55fc2856c916bbdd9a75cb3b3a2c0b,100 101,-0.09887556479084746,hl=53.17710820602144;risk='sample';window=246
RETUNED_MINVAR,2,28406161703361ee1f2999822d7ceb1401d4232f9035966741aa60f3e154b3e1,100 101,-0.1538231106217835,hl=191.10687880678455;risk='pca';window=134
RETUNED_MINVAR,3,980d27b168ebb240b983802eae5dc383e8831ec3e6be060bf399f07262221cea,100 101,-0.10089104829840514,hl=145.04823727912415;risk='lw';window=224
RETUNED_RANK_LS,0,49f79bede66a952dc1f390ad228f219555f57bc88eb305addc4c408228f3f61c,100 101,-0.08799881698170695,optimizer.p_rank=0.6424435721869107
RETUNED_RANK_LS,1,fa557dd71c9354074e858bd71f8a0585d70653360545be1cfe37dd4b91f3eeda,100 101,-0.04992411611890694,optimizer.p_rank=1.9317676541064739
RETUNED_RANK_LS,2,601fe2bc06cca0350131f4f04f07450a91187a01805534337cb00c8e80ec1e96,100 101,-0.0587737496213458,optimizer.p_rank=1.6836820867186026
RETUNED_RANK_LS,3,ad8827d03ff53799c1e51c7765af08c480d292ac0bd68775c83de2c77b7398a4,100 101,-0.04800229101363596,optimizer.p_rank=2.042767475355023
RETUNED_MV,0,b0e70f128a503696cfb16197720dd6ae9773c65eb3fb445ee03705e45ce6d869,100 101,-0.0030075532634176627,optimizer.cost_scale=2.1533718606989525;optimizer.gamma=94.51722083224139;risk='lw';shrink=0.8392553476547719
RETUNED_MV,1,4c8958cbd02064a43a65652923eaeb3abcfa03bb35ce37b86cc8948276cec5ca,100 101,-0.0019627158677400103,optimizer.cost_scale=2.044001277596058;optimizer.gamma=1.2094309544678798;risk='lw';shrink=1.3548547733725018
RETUNED_MV,2,a2f01d6a9d5bc1128d4549514b2ced3a782251f2f5f7cdf6edf91c16338016ff,100 101,-0.0028551260759779773,optimizer.cost_scale=2.885985556782481;optimizer.gamma=52.607609041894015;risk='sample';shrink=0.7898916745308964
RETUNED_MV,3,bd1c4d28b419cc48ef6bb64d4dea16c15efc1a395fc7665b0ec98e9b9a592ea3,100 101,-0.004285086950944981,optimizer.cost_scale=1.6115275510804281;optimizer.gamma=4.3821252101175325;risk='sample';shrink=0.4033022402418217
RETUNED_MV_NC,0,92fcbeafcfb46ad607406ad4816a70e9dff817ce054422861f3150d41aee7c37,100 101,-0.08563492605644371,optimizer.gamma=0.6332367485511953;risk='lw';shrink=0.9911239280789282
RETUNED_MV_NC,1,25f4b13010dfe6650825c4defb82e102582e41f764e6dd4727c31ed16b2f2e0a,100 101,-0.005854020981301705,optimizer.gamma=91.97264319689464;risk='sample';shrink=0.5535202216764371
RETUNED_MV_NC,2,ba90358586df14b64f2b06f227bfadbb220f041066ce1c913ebf89e01711a268,100 101,-0.02827202906801499,optimizer.gamma=18.635013626893;risk='ewma';shrink=0.5623031650979995
RETUNED_MV_NC,3,cc7cda7eedd2e2c51e9e606de5f62212ffd2d5b2622221723e1f573d8d125f47,100 101,-0.06430127974884936,optimizer.gamma=1.2388613081687327;risk='lw';shrink=0.39766820226750843
RETUNED_CVAR,0,c7b04dd556aaa8480045b62a5000823a92a8c8bc1332470f00d814ca89d02d05,100 101,-0.004099572661473679,optimizer.alpha=0.9;optimizer.cost_scale=2.5361188772753627;optimizer.eta_cvar=0.0003000751615494042;shrink=1.0961456713280961
RETUNED_CVAR,1,7e477632ecfdf20d202ca8297370b1085cfc4c8ed7d1bb4396372fb43fac4a7b,100 101,0.022380072130601864,optimizer.alpha=0.9;optimizer.cost_scale=0.6401233864460811;optimizer.eta_cvar=0.0019403410530572191;shrink=1.1577196939665189
RETUNED_CVAR,2,750ff52247105a6d5944440bd531f27e77e628d0b9e9e4116119bee59f720f1e,100 101,-0.014851891075639912,optimizer.alpha=0.975;optimizer.cost_scale=0.8856582154821416;optimizer.eta_cvar=0.024721091368751467;shrink=1.1011551279424938
RETUNED_CVAR,3,1359fa810c38930122ceb4602bb406c50669ef0e84188193387da087d30b5f80,100 101,0.02126038733234001,optimizer.alpha=0.975;optimizer.cost_scale=0.7737048040215372;optimizer.eta_cvar=0.005482129482651075;shrink=1.418024908525705
RETUNED_ROBUST,0,6eb46baef82f1a0614af6762529523e69b92da31944793aa581e69e2afe82528,100 101,-0.000764412374974967,optimizer.cost_scale=2.685765373579029;optimizer.gamma=14.337290879679108;optimizer.kappa_rob=0.6380056107680049;risk='lw'
RETUNED_ROBUST,1,918c5c131a5bb7230208f2f2560f9d999faffcf562fa9c68cecb116c768a1f47,100 101,-0.0031626922107563828,optimizer.cost_scale=1.4933193451147335;optimizer.gamma=26.82412687637801;optimizer.kappa_rob=0.11540793709409103;risk='ewma'
RETUNED_ROBUST,2,86b277df80e0286fb9a10c6b0e5aef5474dec8a63cd75f3e8a82cfc349915a4d,100 101,-0.00021664735214386465,optimizer.cost_scale=2.094502786243415;optimizer.gamma=10.519196998184054;optimizer.kappa_rob=0.9719547474007698;risk='lw'
RETUNED_ROBUST,3,42a7be9696b4280e09e9781a1a5decd9ac3c4dde4f6f78c26c5700209e324afc,100 101,-0.001427962793906697,optimizer.cost_scale=2.7549705983982986;optimizer.gamma=27.43431691016417;optimizer.kappa_rob=0.30396719692632557;risk='ewma'
RETUNED_MPC,0,129b14f0df6724eb24e8fcb4c75dd6d1512e16c8c87dd8ff1ba82962c397da07,100 101,-0.032922378338721844,optimizer.H=10;optimizer.cost_scale=0.44395698243889126;optimizer.delta=0.9227753936943723;optimizer.gamma=1.0622834188813197
RETUNED_MPC,1,5a6f0d0ff94e55166a354e092f895854637d053dc5415cd6f547846a52325bca,100 101,-0.03310112192058948,optimizer.H=10;optimizer.cost_scale=0.9374085146624884;optimizer.delta=0.93948239547343;optimizer.gamma=0.30769891985603487
RETUNED_MPC,2,a536e6d4257ac9d91cb0155f5e7cde829c2a98a2a7417a33cb8a2d8b95f7c7b9,100 101,0.027635121930380452,optimizer.H=3;optimizer.cost_scale=0.3542913857580241;optimizer.delta=0.9730130739076022;optimizer.gamma=1.124413541860412
RETUNED_MPC,3,6df86bb9b94326265190412116a66d2b5bed97f2c1a391e8e04d4e2862b93493,100 101,-0.04354154275038964,optimizer.H=3;optimizer.cost_scale=0.3944190640003234;optimizer.delta=0.9985044160467602;optimizer.gamma=4.575667963103688
