scenario,policy,IS_bps_mean,IS_bps_ci95,completion,seeds,paths_per_seed,diff_vs_ac_static_bps,diff_vs_ac_static_ci95,lower_cost_than_ac_static,diff_vs_vwap_bps,diff_vs_vwap_ci95,lower_cost_than_vwap
correct profile,vwap,25.586458830897257,1.1646509488082664,0.9998463244709074,20,2000,0.4359424821810139,0.06723325702863785,0,,,
correct profile,twap,25.113166406078008,1.1941970181828745,0.9999966509689473,20,2000,-0.03734994263823488,0.050058222177998817,13,-0.47329242481924877,0.06184144140159704,20
correct profile,ac_static,25.150516348716245,1.1468364730544465,0.9999984308390795,20,2000,,,,-0.4359424821810139,0.06723325702863785,20
correct profile,ac_adaptive,25.150358116956856,1.1479363060599397,0.9999984182418189,20,2000,-0.0001582317593884497,0.00374428808456452,10,-0.43610071394040234,0.06693401854206285,20
correct profile,ac_replan_no_volume,25.15001653467548,1.147243318953337,0.9999984101029916,20,2000,-0.000499814040760782,0.0004802838158627133,15,-0.43644229622177466,0.06691512464152638,20
"expected flat, true U-shaped",vwap,25.11316640607801,1.1941970181828745,0.9999966509689473,20,2000,-0.03734994263823062,0.05005822217799858,13,,,
"expected flat, true U-shaped",twap,25.113166406078008,1.1941970181828745,0.9999966509689473,20,2000,-0.03734994263823488,0.050058222177998817,13,-4.263256414560601e-15,1.1570084827805973e-15,17
"expected flat, true U-shaped",ac_static,25.150516348716245,1.1468364730544465,0.9999984308390795,20,2000,,,,0.03734994263823062,0.05005822217799858,7
"expected flat, true U-shaped",ac_adaptive,25.156387739638447,1.143910819476351,0.9999984922402513,20,2000,0.005871390922204967,0.004558447088696262,6,0.04322133356043558,0.053068870194570454,7
"expected flat, true U-shaped",ac_replan_no_volume,25.15001653467548,1.147243318953337,0.9999984101029916,20,2000,-0.000499814040760782,0.0004802838158627133,15,0.03685012859746983,0.04959239889328332,7
persistent volume level (sd 0.5),vwap,24.7208370388074,1.1425255726671897,0.968246709788932,20,2000,0.29714528662477485,0.061532599995040654,1,,,
persistent volume level (sd 0.5),twap,24.322870015475196,1.1822508942947165,0.9665731836389148,20,2000,-0.10082173670742663,0.04672575426704626,18,-0.39796702333220146,0.06381455159009,20
persistent volume level (sd 0.5),ac_static,24.423691752182627,1.1402338788582997,0.9686426886846267,20,2000,,,,-0.29714528662477485,0.061532599995040654,19
persistent volume level (sd 0.5),ac_adaptive,24.185409991158277,1.1301168340754815,0.9616510903375204,20,2000,-0.23828176102434728,0.03760083320928141,20,-0.5354270476491221,0.05855735610849746,20
persistent volume level (sd 0.5),ac_replan_no_volume,24.422965848954327,1.1405367006597469,0.9686358727473096,20,2000,-0.0007259032282973977,0.0004070166689664895,16,-0.29787118985307226,0.06129491851251734,19
flat expected + level (sd 0.5),vwap,24.3228700154752,1.1822508942947167,0.9665731836389148,20,2000,-0.10082173670742307,0.04672575426704628,18,,,
flat expected + level (sd 0.5),twap,24.322870015475196,1.1822508942947165,0.9665731836389148,20,2000,-0.10082173670742663,0.04672575426704626,18,-3.552713678800501e-15,1.3213968050446003e-15,15
flat expected + level (sd 0.5),ac_static,24.423691752182627,1.1402338788582997,0.9686426886846267,20,2000,,,,0.10082173670742307,0.04672575426704628,2
flat expected + level (sd 0.5),ac_adaptive,24.37732219625078,1.1340832606880735,0.9672713754491837,20,2000,-0.04636955593184187,0.012176418309452633,20,0.054452180775581206,0.05414128166794376,7
flat expected + level (sd 0.5),ac_replan_no_volume,24.422965848954327,1.1405367006597469,0.9686358727473096,20,2000,-0.0007259032282973977,0.0004070166689664895,16,0.10009583347912568,0.0463416907794589,2
