strategy,capital,ce_ann_mean,ce_ann_ci95,cap_binds_share,cost_drag,n_seeds,diff_vs_RANK_LS,diff_vs_RANK_LS_ci95
MV,1000000.0,-0.0062285741551761425,0.016785217866165766,0.0,0.014792792072613062,20,0.06316767776403022,0.026989034213528423
MV,10000000.0,-0.006071311035065842,0.014201492222616819,3.9628679275191455e-05,0.015063362216016677,20,0.14158983741113276,0.0285398653434252
MV,30000000.0,-0.004272379956625958,0.012341069259582184,0.0005169088848684865,0.013075898421352039,20,0.19526360458077263,0.03027312860955258
MV,100000000.0,-0.002617487733301676,0.009433741891527696,0.002456806946696241,0.00935940125667634,20,0.2094224719337241,0.027597158422750217
MV,300000000.0,-0.0019619706326887603,0.005590503715877729,0.0058730111167710425,0.005771514839446943,20,0.15554194384103845,0.027070122207952872
MV,1000000000.0,-0.0011642276011834649,0.002327017397946771,0.009745549632907573,0.0028205346196074456,20,0.06674127563947942,0.0163456464798419
RANK_LS,1000000.0,-0.06939625191920637,0.03691868677603574,8.801189920877303e-06,0.07467448080941416,20,,
RANK_LS,10000000.0,-0.14766114844619863,0.03524088637132111,0.010805880082798302,0.15332391622859531,20,,
RANK_LS,30000000.0,-0.1995359845373986,0.035766728037336874,0.06877601998334722,0.2017450347780497,20,,
RANK_LS,100000000.0,-0.2120399596670258,0.03374449982115726,0.2569275920977704,0.215840556001648,20,,
RANK_LS,300000000.0,-0.1575039144737272,0.029245859352494106,0.5406911049796347,0.16293770031823812,20,,
RANK_LS,1000000000.0,-0.06790550324066288,0.017334851212528708,0.7998090750650283,0.07617438969066975,20,,
