impact_y,capital,belief,ce_ann_mean,ce_ann_ci95,turnover,n_seeds,loss_vs_parity,loss_vs_parity_ci95,wtl
0.25,10000000.0,0.5,-0.0032786452533242055,0.015566754650037633,0.05964966569917544,20,-0.005786040691962529,0.005344898452578538,7/0/13
0.25,10000000.0,1.0,0.0025073954386383235,0.013175490266130806,0.02843140823468592,20,,,
0.25,10000000.0,2.0,0.0021894270449586742,0.008939103636136954,0.008697893135822225,20,-0.00031796839367964863,0.007360913053590393,7/0/13
0.25,100000000.0,0.5,-0.0014788016862817364,0.011478840754833478,0.026621017614175048,20,-0.0031184601458168868,0.006148196777227865,8/0/12
0.25,100000000.0,1.0,0.0016396584595351504,0.007421528449548713,0.009453671166604536,20,,,
0.25,100000000.0,2.0,0.0010290363060969905,0.0030007400070117514,0.002075774222416938,20,-0.0006106221534381599,0.005937526701018077,12/0/8
0.5,10000000.0,0.5,-0.001524728803197955,0.013279991829935531,0.039397464369932744,20,-0.00392705796630495,0.006174302963592094,8/0/12
0.5,10000000.0,1.0,0.0024023291631069957,0.010414443379410741,0.015695918471913643,20,,,
0.5,10000000.0,2.0,0.001703350004124376,0.004928927528738472,0.003943275002846167,20,-0.0006989791589826199,0.007403634032260925,11/0/9
0.5,100000000.0,0.5,-0.00011932579360580814,0.007531937545426667,0.012902210453733345,20,-0.0010464959637389584,0.005423769151837295,8/0/12
0.5,100000000.0,1.0,0.0009271701701331504,0.0035724011626369163,0.0036987500558692842,20,,,
0.5,100000000.0,2.0,-0.0002864512842969747,0.0015017913677982176,0.0006763774539428672,20,-0.001213621454430125,0.003328752431629383,8/0/12
1.0,10000000.0,0.5,1.578216862931289e-05,0.0106155493514441,0.021534255113141845,20,-0.0013923486641531503,0.006565079665097299,9/0/11
1.0,10000000.0,1.0,0.001408130832782463,0.00606889568845618,0.007048331995184376,20,,,
1.0,10000000.0,2.0,0.0007521010514506031,0.0023011736115908753,0.0014559327219056753,20,-0.0006560297813318598,0.005161935777719388,13/0/7
1.0,100000000.0,0.5,4.1644887281755294e-05,0.003680070115200701,0.005015060260985088,20,3.901284611689173e-05,0.0033223594540839545,8/0/12
1.0,100000000.0,1.0,2.632041164863507e-06,0.0016331177003955839,0.0011998971966730343,20,,,
1.0,100000000.0,2.0,-0.000271655495924407,0.0006752190858072646,0.00019355992296846524,20,-0.00027428753708927053,0.0012785562621523347,10/0/10
