experiment,variant,seed,market,label,config_hash,oracle,forecast,risk_model,n_bars,mean,var,ce_ann,sharpe,sharpe_gross,sr_bar,skew,kurt,ann_return,ann_vol,max_drawdown,cvar95,turnover,cost_drag,gross_exposure,net_exposure,flat_frac,n_decisions,n_hold,hold_frac,n_optimal,n_inaccurate,n_failed,max_violation,max_identity_residual,n_leverage_scaled,impact_unavailable,n_fills,n_capped,wall_run_s,wall_cpu_s,wall_solve_ms_mean,pre_n,pre_mean,pre_var,post_n,post_mean,post_var
T2_GP,GP_AIM,1000,base,TIER2,d1c6427e6fd2a86304bea1fe2de789e9fe83841ee4ed9f96241ee530dea519e6,false,plain,ewma,999,5.3460594584161576e-05,4.229321869602818e-06,0.010274702501788986,0.4126659977430108,0.6394188299826902,0.025995514394294005,0.75780809280221,19.746439711746127,0.013024019400782016,0.03264642570236304,0.05449343004253611,0.004753467706552037,0.030433280998943945,0.007451754060057545,0.3063499658847452,-0.0006827003192981415,0.0,200,0,0.0,200,0,0,2.161973490080928e-11,2.877571617684815e-16,0,0,5830,1,0.9256378000136465,0.921875,2.3447155015310273,369,0.00017242600816169896,1.0154987319355756e-05,630,-1.621914765411031e-05,7.560360929518212e-07
T2_GP,GP_AIM,1001,base,TIER2,d1c6427e6fd2a86304bea1fe2de789e9fe83841ee4ed9f96241ee530dea519e6,false,plain,ewma,999,-5.790930385008086e-05,2.02839241494492e-06,-0.016126609235918736,-0.6454648926254215,-0.39395850096082247,-0.04066046633118748,-0.3058577105023509,12.072683845990564,-0.014739292886538413,0.022608734784726896,0.07063472805149144,0.0038441306036401347,0.02512894052214758,0.005609920324907545,0.25660273788829485,-0.001598051343938882,0.0,200,0,0.0,200,0,0,1.8620895040684163e-11,3.247861384598886e-16,0,0,5796,0,0.9280623999657109,0.90625,2.352790502482094,369,-1.1242266968887964e-05,2.54363005147679e-07,630,-8.524285402335099e-05,3.0674972082709835e-06
T2_GP,GP_AIM,1002,base,TIER2,d1c6427e6fd2a86304bea1fe2de789e9fe83841ee4ed9f96241ee530dea519e6,false,plain,ewma,999,-0.00018234418198870362,3.733462058634091e-06,-0.04877323117748068,-1.4980844988280035,-1.2218602990530243,-0.09437045302046977,-1.5829466957821212,21.349831997313856,-0.045364816055840196,0.030672992008863285,0.1904969039324448,0.00494953542802202,0.03671942327143603,0.007856598674795646,0.38483003111162356,0.0008221336336463191,0.0,200,0,0.0,200,0,0,2.581733178298631e-11,3.709663483600898e-16,0,0,5708,0,0.9105135999852791,0.890625,2.2878640022827312,369,-0.00023617482375621365,5.053774163316615e-06,630,-0.00015081480609630487,2.964245935014356e-06
T2_GP,GP_AIM,1003,base,TIER2,d1c6427e6fd2a86304bea1fe2de789e9fe83841ee4ed9f96241ee530dea519e6,false,plain,ewma,999,-9.202806082781462e-05,1.334732249847157e-05,-0.03328164713745379,-0.39987427367485673,-0.11874834425705258,-0.025189711519910788,-0.3048618690313019,7.360698715096716,-0.024567051618128555,0.05799590735228509,0.15508861980390312,0.009449340753706102,0.06344267798452113,0.016868280011110546,0.6287459273716164,-0.0015473443354093006,0.0,200,0,0.0,200,0,0,2.487300937689658e-11,3.4629969665041207e-16,0,0,5513,0,0.9080467000021599,0.875,2.32977799983928,369,-0.00027400268537875833,2.1872589525084965e-05,630,1.45570764091667e-05,8.349981738795355e-06
T2_GP,GP_AIM,1004,base,TIER2,d1c6427e6fd2a86304bea1fe2de789e9fe83841ee4ed9f96241ee530dea519e6,false,plain,ewma,999,9.489957178283621e-05,1.0622413786149973e-05,0.015884147266945346,0.46222445140228197,0.8190437623051622,0.029117403531040444,0.015783247129775965,5.887624968673481,0.022833514061072036,0.05173826701881107,0.08522933388075274,0.00745271213712049,0.061705790041680086,0.017873230869163988,0.6240309534349533,-0.0005799536470598091,0.0,200,0,0.0,200,0,0,1.8688863174263e-11,3.352949465102261e-16,0,0,5605,0,0.8960986000020057,0.859375,2.2693494986742735,369,0.0002650256259151105,1.5605634102988434e-05,630,-4.745688494638729e-06,7.696916225737497e-06
T2_GP,GP_AIM,1005,base,TIER2,d1c6427e6fd2a86304bea1fe2de789e9fe83841ee4ed9f96241ee530dea519e6,false,plain,ewma,999,-1.3770737227473966e-05,4.451655516869693e-06,-0.006835677352076927,-0.103608810236666,0.16993662583716768,-0.006526741560035749,0.2661792705242925,9.136878592440674,-0.0040223026817457486,0.0334935395300521,0.07080202892990124,0.004994919727467415,0.04626543338227165,0.00960504035850614,0.4702121468438398,-0.0026512975551412398,0.0,200,0,0.0,200,0,0,3.551368633357975e-11,3.3318864055339884e-16,0,0,5502,0,0.8996575999772176,0.875,2.296648498158902,369,-9.139949933750975e-05,6.524134155670028e-06,630,3.169753772268985e-05,3.2406116379898627e-06
T2_GP,GP_AIM,1006,base,TIER2,d1c6427e6fd2a86304bea1fe2de789e9fe83841ee4ed9f96241ee530dea519e6,false,plain,ewma,999,4.360809733540762e-05,3.0853451546511405e-06,0.008656719591606457,0.3941082545237082,0.6647384761060194,0.02482648645493996,0.13017719864890848,6.714958429053618,0.010657112359458987,0.027883812131272286,0.050139479078481326,0.004209043732516033,0.036977388421877234,0.008008194895117194,0.3684006046673793,0.0015964901988511611,0.0,200,0,0.0,200,0,0,2.348574633737272e-11,3.112920456568332e-16,0,0,5908,0,0.9211702000466175,0.890625,2.3013295023702085,369,-5.330069228416964e-05,5.264768161857796e-06,630,0.00010036895982687431,1.806430293994975e-06
T2_GP,GP_AIM,1007,base,TIER2,d1c6427e6fd2a86304bea1fe2de789e9fe83841ee4ed9f96241ee530dea519e6,false,plain,ewma,999,-2.4553054400099826e-06,5.669194482258024e-06,-0.004904647999469582,-0.016369865780461925,0.27619914069482987,-0.0010312046154906788,-0.5289528123106523,13.297062765413935,-0.001332082620933761,0.03779731484548898,0.08934270185544876,0.005860267342370478,0.03995578427720144,0.010791861213751024,0.4173120695791464,-0.0025840625536296827,0.0,200,0,0.0,200,0,0,2.4903227611695075e-11,3.2623238842546617e-16,0,0,5931,1,0.9019459999981336,0.90625,2.2624115002690814,369,5.420820071624041e-05,1.987736852957784e-06,630,-3.5643930474385215e-05,7.829078264117564e-06
T2_GP,GP_AIM,1008,base,TIER2,d1c6427e6fd2a86304bea1fe2de789e9fe83841ee4ed9f96241ee530dea519e6,false,plain,ewma,999,9.721199353951948e-05,1.2240005952270769e-05,0.01524397787204221,0.4410921260529239,0.744956907687384,0.027786192162018834,1.0499925803304444,22.882090930587246,0.02322498647545923,0.05553810853794207,0.0824982102566029,0.007784559514843632,0.056408309201514954,0.016690082425285788,0.5575570977370405,0.0016933223439835007,0.0,200,0,0.0,200,0,0,2.167425381052522e-11,2.8749260976000883e-16,0,0,5938,0,0.9310643000062555,0.9375,2.3056230004294775,369,0.0003382599093509815,2.807525238116802e-05,630,-4.397321429290826e-05,2.9409136667807224e-06
T2_GP,GP_AIM,1009,base,TIER2,d1c6427e6fd2a86304bea1fe2de789e9fe83841ee4ed9f96241ee530dea519e6,false,plain,ewma,999,0.0002127049359410559,1.2743797681272952e-05,0.04396733281010373,0.9458633642551091,1.3449340785506303,0.05958379133490284,0.29252804304437274,5.924040406453044,0.053368969743165406,0.05666954222226243,0.06664085298350629,0.007480133727000282,0.08720869921102996,0.022527359506105748,0.8570766761332658,0.0017021378787089433,0.0,200,0,0.0,200,0,0,2.1144570178562392e-11,3.8653359334998114e-16,0,0,5768,0,0.909049000008963,0.921875,2.295369998901151,369,0.0002108281963639501,9.486610816742042e-06,630,0.00021380416912193214,1.4669690372715253e-05
T2_GP,GP_AIM,1010,base,TIER2,d1c6427e6fd2a86304bea1fe2de789e9fe83841ee4ed9f96241ee530dea519e6,false,plain,ewma,999,-0.00010418224970536486,3.7269636639010686e-06,-0.029071511455661152,-0.856675649302791,-0.5758660746614332,-0.0539654933880945,-0.14308203140689457,11.069159697040845,-0.02637067323817821,0.030646285962626356,0.1392089192269245,0.0049761523021136815,0.032925987462796895,0.008242763699808595,0.35135049032378524,-0.003993714569675748,0.0,200,0,0.0,200,0,0,4.01535044956047e-11,3.62210528445119e-16,0,0,5923,0,0.9011906000087038,0.890625,2.263204495247919,369,-0.0002957074696393818,8.645441561528025e-06,630,7.996807684559331e-06,8.211822073306773e-07
T2_GP,GP_AIM,1011,base,TIER2,d1c6427e6fd2a86304bea1fe2de789e9fe83841ee4ed9f96241ee530dea519e6,false,plain,ewma,999,5.873755784130891e-06,5.520567499921803e-07,0.0010628315546068964,0.12549438480093644,0.38256350778171694,0.007905403169483852,0.415105728792977,9.223973979642608,0.0014117030252525087,0.011794842135358549,0.02509557432186381,0.001772757289203446,0.015966707328442423,0.002873070276653372,0.14435045482654385,-0.0006043801470927974,0.0,200,0,0.0,200,0,0,2.6096769375057857e-11,3.0509726292902976e-16,0,0,5830,0,0.8909297999925911,0.875,2.2418765007751063,369,-1.251193123112599e-05,4.791205070326913e-07,630,1.6642515321638495e-05,5.95291727905896e-07
T2_GP,GP_AIM,1012,base,TIER2,d1c6427e6fd2a86304bea1fe2de789e9fe83841ee4ed9f96241ee530dea519e6,false,plain,ewma,999,-0.00017029414957252503,3.62099278837116e-06,-0.0456515962402849,-1.4206469672768338,-1.1807599619868505,-0.08949234705315756,-1.7677188151612557,13.336097236554954,-0.04244752666130158,0.030207452435939253,0.1753189990528266,0.005788047979882988,0.032773503996612476,0.007005861429326859,0.3397247103527625,0.0004129723801198622,0.0,200,0,0.0,200,0,0,1.5349469815048856e-11,3.177771273331476e-16,0,0,5909,0,0.9270652999985032,0.9375,2.2902164986589924,369,-0.000436525154538857,7.375527156128972e-06,630,-1.4358846663673416e-05,1.3642027213802969e-06
T2_GP,GP_AIM,1013,base,TIER2,d1c6427e6fd2a86304bea1fe2de789e9fe83841ee4ed9f96241ee530dea519e6,false,plain,ewma,999,-1.132929452377121e-05,2.418458709674021e-06,-0.004683337004503904,-0.11564684762589574,0.10670410272969635,-0.007285066636350013,-1.3129849860505938,19.117595721815416,-0.00315486027012013,0.02468707343606879,0.08337121443182442,0.004054098158338872,0.02683524541605569,0.005559410922847245,0.27453957245845934,-0.002657694721724099,0.0,200,0,0.0,200,0,0,1.886488127281526e-11,3.9468521834123617e-16,0,0,5713,0,0.9032657000352629,0.875,2.2914545025560074,369,8.824761954024346e-05,1.3310254906987083e-06,630,-6.965291561840837e-05,3.049288605974739e-06
T2_GP,GP_AIM,1014,base,TIER2,d1c6427e6fd2a86304bea1fe2de789e9fe83841ee4ed9f96241ee530dea519e6,false,plain,ewma,999,0.0001317208471865198,4.883738065373842e-06,0.029501547513580365,0.9461905455675644,1.3477856838387612,0.059604401820292946,0.2386045257794261,6.334733097719573,0.03311354399570887,0.035081362466047525,0.05202350035744565,0.0048474318682769834,0.04128796241268754,0.01437121122342099,0.4496567393432432,0.0032486311479470588,0.0,200,0,0.0,200,0,0,2.3656903615710394e-11,3.081523315341307e-16,0,0,5396,0,0.8909485000185668,0.875,2.2861054993700236,369,0.000213933357431239,7.152995569634335e-06,630,8.35678054717557e-05,3.557572966557718e-06
T2_GP,GP_AIM,1015,base,TIER2,d1c6427e6fd2a86304bea1fe2de789e9fe83841ee4ed9f96241ee530dea519e6,false,plain,ewma,999,1.747999247547849e-06,6.105978640398537e-06,-0.004175624041759235,0.011229589255520428,0.29327161229757537,0.0007073976308454765,-0.4233219293327165,12.919745672009151,-0.0003285972334817755,0.039226351058700724,0.0789745464755397,0.00597844501164398,0.043856930991575616,0.01152711510439551,0.4217818399262575,-0.002445523156741549,0.0,200,0,0.0,200,0,0,2.3880725232480883e-11,2.9384944744404356e-16,0,0,5650,0,0.9086495999945328,0.890625,2.296570997859817,369,8.605887125440839e-05,1.0960495151472748e-05,630,-4.763408292789904e-05,3.2689112629768727e-06
T2_GP,GP_AIM,1016,base,TIER2,d1c6427e6fd2a86304bea1fe2de789e9fe83841ee4ed9f96241ee530dea519e6,false,plain,ewma,999,-6.452869858419763e-05,4.0692839043837985e-06,-0.019337610674931952,-0.5078017362056173,-0.24099083286335793,-0.03198850260302113,-0.5444930130139497,9.616530755278083,-0.016634517090541645,0.032022797252968346,0.1039960262774992,0.005501699874807155,0.038952722750035744,0.008815350176033429,0.38328030520130124,-0.0013583552203236535,0.0,200,0,0.0,200,0,0,2.1022183432696155e-11,3.264239368850063e-16,0,0,5525,0,0.9034566999762319,0.890625,2.299178999091964,369,-5.984735066453275e-05,4.9138872231628205e-06,630,-6.72706309371442e-05,3.5815930291696935e-06
T2_GP,GP_AIM,1017,base,TIER2,d1c6427e6fd2a86304bea1fe2de789e9fe83841ee4ed9f96241ee530dea519e6,false,plain,ewma,999,-1.4281750514450703e-05,1.753699591130771e-06,-0.004924798020536441,-0.17120013870953396,0.11335738246300162,-0.010784595034409266,-0.15856869101686297,7.807140600017955,-0.0038125243012200327,0.02102218582747651,0.04638670340540886,0.0031734819705836513,0.0267434709858301,0.00609770831374659,0.28103057295974604,0.002016831017522959,0.0,200,0,0.0,200,0,0,2.0006630246556934e-11,3.0322346528752145e-16,0,0,5208,0,0.8779214999522083,0.84375,2.2594825012492947,369,-1.0041543428040827e-05,3.6548849824003136e-06,630,-1.6765300379347917e-05,6.441716982356488e-07
T2_GP,GP_AIM,1018,base,TIER2,d1c6427e6fd2a86304bea1fe2de789e9fe83841ee4ed9f96241ee530dea519e6,false,plain,ewma,999,-4.0569868139090845e-05,9.164217564449841e-06,-0.017151755249774973,-0.21274343688037184,0.11154783810534509,-0.013401576834443589,-0.30217833793171944,9.300150027163413,-0.011313708917346399,0.048056038395204406,0.09691173028375678,0.0077694572880883375,0.061511822582979915,0.015390047495164805,0.5449837847570358,-0.0016959893998035394,0.0,200,0,0.0,200,0,0,2.4453303659245158e-11,3.606886773454468e-16,0,0,5846,0,0.9095543000148609,0.90625,2.281012001913041,369,-0.0001079562264420223,1.3356732986079861e-05,630,-1.1007154188024169e-06,6.7217080566914075e-06
T2_GP,GP_AIM,1019,base,TIER2,d1c6427e6fd2a86304bea1fe2de789e9fe83841ee4ed9f96241ee530dea519e6,false,plain,ewma,999,9.966590352264929e-05,7.480158919203146e-06,0.019460807544790043,0.5784841528054859,0.8629455684032629,0.03644107632655246,0.06644346320371873,12.35318877547628,0.024467799446210137,0.04341658724081377,0.041012049430791786,0.006333205924240133,0.044797170845525085,0.012370946906247475,0.4270815068685053,0.003990059835848407,0.0,200,0,0.0,200,0,0,2.0215546019514386e-11,3.0312723415422107e-16,0,0,5601,0,0.9013784999842755,0.90625,2.3068949973094277,369,0.0001301610910270169,1.1073789407450666e-05,630,8.18044365558054e-05,5.388712170631834e-06
T2_GP,GP_AIM,1020,base,TIER2,d1c6427e6fd2a86304bea1fe2de789e9fe83841ee4ed9f96241ee530dea519e6,false,plain,ewma,999,6.602876513006617e-05,7.469560425494531e-06,0.010992261131102809,0.3835181512089039,0.7117667045326935,0.024159372651857747,0.5091667634339434,8.577937811073163,0.01582332656727159,0.04338581827307884,0.03831118939992346,0.006211773950385436,0.051626009718438746,0.014298983068880108,0.5471721333134523,-0.001074606124531633,0.0,200,0,0.0,200,0,0,2.229053041369944e-11,3.16421309501472e-16,0,0,5796,2,0.9110213000094518,0.90625,2.30685249902308,369,0.00010873155210964328,1.0418618086112615e-05,630,4.101713275631386e-05,5.754376551051259e-06
T2_GP,GP_AIM,1021,base,TIER2,d1c6427e6fd2a86304bea1fe2de789e9fe83841ee4ed9f96241ee530dea519e6,false,plain,ewma,999,6.37491124446743e-05,3.6437694451074675e-06,0.013310086635556679,0.5301502470793804,0.8152892085151563,0.03339632645884494,0.21871998532283957,8.355579004609453,0.01572819422842886,0.030302308495675404,0.042110214081096935,0.004470286300940611,0.034058838757354354,0.008112510405582763,0.36946731570781477,-5.92825938807026e-05,0.0,200,0,0.0,200,0,0,1.7989019122416588e-11,3.1771333464955976e-16,0,0,5518,0,0.8962267999886535,0.890625,2.278960001131054,369,9.63507217561584e-06,1.5984218200759547e-06,630,9.544447888797997e-05,4.8434804884858215e-06
T2_GP,GP_AIM,1022,base,TIER2,d1c6427e6fd2a86304bea1fe2de789e9fe83841ee4ed9f96241ee530dea519e6,false,plain,ewma,999,0.00014695655488045238,1.6686895995129842e-05,0.024417758457555838,0.5710859202297018,0.9371630698975325,0.0359750314804348,0.46246383401847657,6.965918659621386,0.03555035121340211,0.06484672536661139,0.10406785799159732,0.009086460226908394,0.07252762312261403,0.024235948344759537,0.7310640188936169,0.004595035507700386,0.0,200,0,0.0,200,0,0,2.3177036380038483e-11,3.3625681800977064e-16,0,0,5418,0,0.887353099999018,0.875,2.2891580016585067,369,0.0002117105415378659,1.792583781064149e-05,630,0.00010902921983825306,1.5984674719590442e-05
T2_GP,GP_AIM,1023,base,TIER2,d1c6427e6fd2a86304bea1fe2de789e9fe83841ee4ed9f96241ee530dea519e6,false,plain,ewma,999,0.0001007379073163818,5.11829384541933e-06,0.0215165224965912,0.7068554118969563,0.9562129652613263,0.04452770554189222,-0.08301409731386897,18.629586485441116,0.025049017135554852,0.0359139255588368,0.05873463674664648,0.005314336666579886,0.03981312068709299,0.008511230606739055,0.4236739069879681,0.0009691959690158221,0.0,200,0,0.0,200,0,0,2.2376452097732163e-11,2.8265789401521772e-16,0,0,5952,0,0.9160045000026003,0.890625,2.2654710011556745,369,0.0001399689475320093,1.1821209891589805e-05,630,7.775972661865713e-05,1.2034204469798734e-06
T2_GP,GP_AIM,1024,base,TIER2,d1c6427e6fd2a86304bea1fe2de789e9fe83841ee4ed9f96241ee530dea519e6,false,plain,ewma,999,0.00025190879099483356,7.760159471366605e-06,0.0576143347703449,1.4355167717394706,1.718512421223255,0.09042905668773601,0.19629425022414368,10.552301585882455,0.06449129454782754,0.044221716235175505,0.05332687812315278,0.006392399258700481,0.04982580978730887,0.012329947491451984,0.5293405320756572,0.001878494277582427,0.0,200,0,0.0,200,0,0,1.595561922345239e-11,2.690253377066629e-16,0,0,5509,0,0.9123879999970086,0.90625,2.3357090004719794,369,0.00041065388045342883,1.4179859687943123e-05,630,0.00015892952431194207,3.99317256797367e-06
T2_GP,GP_AIM,1025,base,TIER2,d1c6427e6fd2a86304bea1fe2de789e9fe83841ee4ed9f96241ee530dea519e6,false,plain,ewma,999,-2.4048306406469947e-05,5.040755186364556e-06,-0.00987098413532203,-0.17003446697761043,0.0801785481873949,-0.010711164617432895,-1.0959308079625587,12.458874922760359,-0.00667346921790124,0.03564085165878992,0.08688579891782346,0.006055706364642184,0.04044996176157686,0.009027742655059822,0.3813888692424744,0.0012329615513108688,0.0,200,0,0.0,200,0,0,2.164276810744251e-11,2.869310484829028e-16,0,0,5365,0,0.9156207999913022,0.921875,2.347142999933567,369,9.600369779427556e-05,3.409812580332459e-06,630,-9.436448029547804e-05,5.989554038829859e-06
T2_GP,GP_AIM,1026,base,TIER2,d1c6427e6fd2a86304bea1fe2de789e9fe83841ee4ed9f96241ee530dea519e6,false,plain,ewma,999,5.2578800189862644e-05,4.6060495008592125e-06,0.00976768422519582,0.38890778923585384,0.6627123661810329,0.02449888793461885,-0.6201560522327897,14.458528463391538,0.012749850517522976,0.03406940671946786,0.06661646066114962,0.005112666214832382,0.0396458268305045,0.00866454000112259,0.3968430982654873,0.0011873193445718156,0.0,200,0,0.0,200,0,0,1.7922248591794223e-11,3.227644937770682e-16,0,0,5607,0,0.9286548999953084,0.890625,2.345350997056812,369,0.00010463348130846013,7.832160091532315e-06,630,2.2089629820398395e-05,2.7233974105508596e-06
T2_GP,GP_AIM,1027,base,TIER2,d1c6427e6fd2a86304bea1fe2de789e9fe83841ee4ed9f96241ee530dea519e6,false,plain,ewma,999,5.294258735034341e-05,4.139578441321791e-06,0.010212010710647266,0.413073537568426,0.6477455018185048,0.02602118699018456,0.5355145033493578,17.714418168430058,0.012903063732982556,0.03229820068073594,0.040610123104287625,0.004659663399142684,0.03219814657153427,0.007328200759911179,0.3158494438061767,0.0009373431769567263,0.0,200,0,0.0,200,0,0,3.789983097021554e-11,3.21209290750919e-16,0,0,5547,1,0.9137699999846518,0.890625,2.319461500446778,369,-1.3386829813978953e-05,1.5008964217312363e-06,630,9.179267454658937e-05,5.6858427257634085e-06
T2_GP,GP_AIM,1028,base,TIER2,d1c6427e6fd2a86304bea1fe2de789e9fe83841ee4ed9f96241ee530dea519e6,false,plain,ewma,999,4.7995059521307734e-05,8.80501796730047e-06,0.005438161416090393,0.2567625509285647,0.5208064295290967,0.01617452037503664,-0.14937700091656508,11.131476713231956,0.011046433849398962,0.047104824888324535,0.09964402961413713,0.007087169601937957,0.05977840738227731,0.012707349346008406,0.5655641370768548,0.0017034077782533553,0.0,200,0,0.0,200,0,0,1.5773885440527903e-11,3.1942894801549944e-16,0,0,5994,0,0.9398058999795467,0.90625,2.3278319998644292,369,-0.00018579707781982033,5.011632211621977e-06,630,0.00018493045424968274,1.0987511722251822e-05
T2_GP,GP_AIM,1029,base,TIER2,d1c6427e6fd2a86304bea1fe2de789e9fe83841ee4ed9f96241ee530dea519e6,false,plain,ewma,999,-2.5605139261716667e-05,1.855387311260567e-06,-0.00785516790126559,-0.29840776610297615,-0.044974102705642435,-0.018797922342828687,-0.44675801976908064,8.22395776307351,-0.006663927837482042,0.021623080317976502,0.05716477681088862,0.003535067017444604,0.028026119046041038,0.0055603711027465445,0.26804297331899823,-0.0004978574922144858,0.0,200,0,0.0,200,0,0,2.8976445564064382e-11,3.121666046728359e-16,0,0,5852,0,0.9224121999577619,0.921875,2.3352609999710694,369,1.3385392168049821e-05,2.038138219160517e-06,630,-4.8442450527722755e-05,1.7500033760305084e-06
T2_WDRO_base,WDRO,1000,base,TIER2,214735f5c9ead0b99fce1cc821afce9ea830f706caedb810ef76a497a36efd5b,false,plain,none,999,0.00023869021137067536,3.438204392880111e-05,0.03415710805523655,0.6462030953978704,0.9358322204462647,0.04070696873483124,0.4552155651454619,13.418243340142212,0.057411263037407734,0.09308208780457108,0.1472984831718115,0.013210383637613949,0.0697254510702508,0.02703326021160508,0.8850380881001074,0.0024547763179321464,0.11511511511511512,200,0,0.0,200,0,0,1.1642595808402316e-10,4.083060438864065e-16,0,0,4793,0,5.400706099986564,5.359375,24.593969998240937,369,0.0009597997573687326,7.931638600185774e-05,630,-0.0001836739512853296,7.663884790955044e-06
T2_WDRO_base,WDRO,1001,base,TIER2,214735f5c9ead0b99fce1cc821afce9ea830f706caedb810ef76a497a36efd5b,false,plain,none,999,-1.973517738379632e-05,2.1383591642940997e-05,-0.021139259982780066,-0.06774870193729832,0.21838668936286873,-0.0042677670707983615,0.1671786293304338,11.415713031337917,-0.007634702861515019,0.07340752750243759,0.1397584257783957,0.011781533305370833,0.05597840224443231,0.020637180300621307,0.6942980292961425,0.000666022330942274,0.22522522522522523,200,0,0.0,199,1,0,2.195782225779438e-10,3.8075075386507813e-16,0,0,4261,2,5.380358599999454,5.296875,24.565247497230303,369,-2.5135540679916504e-05,1.437593984875989e-07,630,-1.6572107453211642e-05,3.3844044413937436e-05
T2_WDRO_base,WDRO,1002,base,TIER2,214735f5c9ead0b99fce1cc821afce9ea830f706caedb810ef76a497a36efd5b,false,plain,none,999,-0.0004276380430182929,2.5570337014465367e-05,-0.12709596162354564,-1.3424817107457754,-0.9472942258517634,-0.08456839872109213,-0.5895511768558441,8.503702633123364,-0.10507555552677761,0.08027281562051547,0.39283102658594143,0.013389477243400007,0.09574205077269717,0.030632653206650574,1.057540814407509,0.0023893459834661993,0.04004004004004004,200,0,0.0,200,0,0,1.3613979314506125e-10,3.468033409071954e-16,0,0,5114,1,5.779777400020976,5.65625,26.529290500620846,369,-0.0003916946106810657,3.065515034421989e-05,630,-0.0004486906248158117,2.2634888821011458e-05
T2_WDRO_base,WDRO,1003,base,TIER2,214735f5c9ead0b99fce1cc821afce9ea830f706caedb810ef76a497a36efd5b,false,plain,none,999,-0.00028722482157429464,6.535927621022994e-05,-0.12179226785165607,-0.5639863871747715,-0.14171143604592795,-0.035527802935481745,-0.028015632763926757,5.946778364015657,-0.07746102131595878,0.12833759232967534,0.3083816406641968,0.019324950285660482,0.15030531805844521,0.05466375728721437,1.3951938985875187,-0.0028367062152477437,0.03003003003003003,200,0,0.0,200,0,0,2.2840008645887063e-10,4.462606607023097e-16,0,0,5055,2,5.6211527999839745,5.484375,25.791291998757515,369,-0.00017467894683112457,7.414317901306113e-05,630,-0.00035314454820957995,6.0312331012240514e-05
T2_WDRO_base,WDRO,1004,base,TIER2,214735f5c9ead0b99fce1cc821afce9ea830f706caedb810ef76a497a36efd5b,false,plain,none,999,0.00041542267224328814,8.188024807912436e-05,0.04278504585749059,0.7287874587562972,1.3211158417581639,0.045909294630759635,0.14393260248637274,4.84314519292569,0.09897030103139226,0.14364477893727756,0.229085226966897,0.019406413569267825,0.18402136746906725,0.08409449531759515,1.7765342499118,-0.004062264397301222,0.0,200,0,0.0,200,0,0,3.88641951058338e-10,3.381594388977266e-16,0,0,5411,14,6.462139199953526,6.34375,29.88942149851937,369,0.000869270818839626,0.00012126818052370847,630,0.00014959732923686166,5.877467957923503e-05
T2_WDRO_base,WDRO,1005,base,TIER2,214735f5c9ead0b99fce1cc821afce9ea830f706caedb810ef76a497a36efd5b,false,plain,none,999,-5.06087067801349e-05,3.5661816949208446e-05,-0.03971372772219558,-0.1345314357013155,0.24894933866999833,-0.008474683866337075,0.16588388951204414,7.074008406567932,-0.017092892183028452,0.0947986174540564,0.18887685742046048,0.013868220968317248,0.12230221390399867,0.03618793889558731,1.3043786082814306,-0.001814405828332203,0.0,200,0,0.0,200,0,0,1.7576446369451596e-10,3.577315197165855e-16,0,0,5105,0,5.88710930000525,5.6875,27.064171000383794,369,0.0001626206198467353,4.930845443839449e-05,630,-0.0001755001695187303,2.7692175182833326e-05
T2_WDRO_base,WDRO,1006,base,TIER2,214735f5c9ead0b99fce1cc821afce9ea830f706caedb810ef76a497a36efd5b,false,plain,none,999,0.00020092812575338496,2.8485350090757737e-05,0.029098963021240157,0.5976270175842281,0.8931538833369895,0.03764696345954982,-0.0060405301808999085,7.611143179942883,0.04816835160770716,0.08472489730221541,0.09263452164490031,0.012388420535575897,0.08061569140916236,0.025435809769671275,0.9577931494648219,0.00478845225923506,0.11011011011011011,200,0,0.0,199,1,0,3.876071556617971e-11,3.8415879998889844e-16,0,0,4885,0,5.723048800020479,5.640625,26.197866499132942,369,0.00010551776680253161,4.768426998003892e-05,630,0.0002568113359960276,1.7289732166312347e-05
T2_WDRO_base,WDRO,1007,base,TIER2,214735f5c9ead0b99fce1cc821afce9ea830f706caedb810ef76a497a36efd5b,false,plain,none,999,0.00010426618425651324,4.333307450642225e-05,-0.006484725894213888,0.2514397863119057,0.6629253949657968,0.015839217721155357,0.14627829168170758,8.152397764509969,0.021041189033792262,0.10449849173848591,0.16372262313682723,0.015507227384476152,0.1057307871406534,0.04258438880136994,1.0532093249241525,-0.0031808373272086653,0.12512512512512514,200,0,0.0,200,0,0,1.556024112252038e-10,3.8027268862489916e-16,0,0,4910,5,5.366876200016122,5.3125,24.441301500191912,369,0.00017958135635702522,1.2149371837407903e-05,630,6.0153012026213363e-05,6.164089102142453e-05
T2_WDRO_base,WDRO,1008,base,TIER2,214735f5c9ead0b99fce1cc821afce9ea830f706caedb810ef76a497a36efd5b,false,plain,none,999,0.00012715466721266696,5.119436589628235e-05,-0.006659964479997383,0.2821119558892088,0.7830908289610347,0.017771382789544526,0.4107046020947167,5.489964719830815,0.025941021747027948,0.11358248194974062,0.24674459117032502,0.015390673177853975,0.1422190237218207,0.05732871317439316,1.5204479189431401,-0.0010804630564309324,0.0,200,0,0.0,199,1,0,3.9001533704195274e-10,4.052667115553765e-16,0,0,5576,1,6.062187199946493,5.9375,27.80764450202696,369,0.00031885019686943164,7.531397293245104e-05,630,1.4875856985133383e-05,3.713025962273133e-05
T2_WDRO_base,WDRO,1009,base,TIER2,214735f5c9ead0b99fce1cc821afce9ea830f706caedb810ef76a497a36efd5b,false,plain,none,999,0.00045639729425542665,5.433244424082693e-05,0.07393679030630236,0.9829099013264271,1.7079388463323322,0.06191750381173242,0.11946688689501697,5.1537736813015,0.11422170308600998,0.11701186242722737,0.14779626696032463,0.015462600989876013,0.22340528044787789,0.08472599158202886,1.7754426483928176,0.0006110929527456332,0.015015015015015015,200,0,0.0,199,1,0,2.3128117674703155e-10,3.491726494153354e-16,0,0,5432,11,6.39957399998093,6.28125,29.523444501683116,369,0.000355065453050921,2.7699124423398763e-05,630,0.0005157488012466371,6.999124543918974e-05
T2_WDRO_base,WDRO,1010,base,TIER2,214735f5c9ead0b99fce1cc821afce9ea830f706caedb810ef76a497a36efd5b,false,plain,none,999,-0.00029244082518241154,2.9699965956088142e-05,-0.09614826220877035,-0.8518444443600806,-0.5048458126490396,-0.05366115608306597,-0.09580846083975225,6.4478822404617135,-0.07452500306848475,0.08651237727015836,0.34891435031978135,0.013971724494577115,0.0819672572346536,0.029777666210495646,0.9800614132424941,-0.001984551084248847,0.16916916916916916,200,0,0.0,199,1,0,1.0596643892976911e-10,3.8711693858823187e-16,0,0,4642,0,5.361971300037112,5.34375,24.421909002121538,369,-0.0009222100701631759,5.656000666252093e-05,630,7.642401830632187e-05,1.3663618661555486e-05
T2_WDRO_base,WDRO,1011,base,TIER2,214735f5c9ead0b99fce1cc821afce9ea830f706caedb810ef76a497a36efd5b,false,plain,none,999,2.309913992824962e-05,4.916064970894609e-06,0.00210443814392258,0.16538163195128572,0.36691207971782624,0.010418063560978947,0.19076234624348565,15.850699184091138,0.005215846280165248,0.03519727791556389,0.05477542523357798,0.006279129912442129,0.026080674774604688,0.006895248166870385,0.30485198069479674,-0.0012820267798500538,0.41041041041041043,200,0,0.0,200,0,0,1.5879119831746866e-11,2.9420485196620015e-16,0,0,3252,0,4.065913099970203,4.0,18.021490498795174,369,9.502498559120773e-05,3.432998785518586e-06,630,-1.902885538862584e-05,5.7867443979084556e-06
T2_WDRO_base,WDRO,1012,base,TIER2,214735f5c9ead0b99fce1cc821afce9ea830f706caedb810ef76a497a36efd5b,false,plain,none,999,-0.00015989087486677678,2.1812378828610416e-05,-0.05678265886085722,-0.5434660677726626,-0.23808894399007496,-0.034235144317348566,-1.0548232962319353,11.342695874234964,-0.04213801004720019,0.07413986420819656,0.27282152437771706,0.012407192464500718,0.07407223668871715,0.02144289618731661,0.9045407798225792,0.003001372186439507,0.19019019019019018,200,0,0.0,199,1,0,4.389029466592058e-11,3.223792009841547e-16,0,0,4489,0,5.460339299985208,5.375,24.881677498633508,369,-0.000606285135143223,3.531723859971183e-05,630,0.00010156862043799888,1.3760592944798757e-05
T2_WDRO_base,WDRO,1013,base,TIER2,214735f5c9ead0b99fce1cc821afce9ea830f706caedb810ef76a497a36efd5b,false,plain,none,999,-8.714218780965784e-05,2.2157953760885565e-05,-0.03871124437126327,-0.29387585369417957,-0.043397842965427424,-0.018512438695276225,-0.9444132990599824,18.846186416357714,-0.02445524241492869,0.07472485762946064,0.2445075706085355,0.012443301254337832,0.05917329124642309,0.019210655110408634,0.7396175763909668,-0.0030978602730694286,0.1091091091091091,200,0,0.0,200,0,0,1.9583561340992048e-10,3.615843202663176e-16,0,0,4750,0,5.201803000003565,5.125,23.620212502137292,369,6.72241167153843e-06,1.5293181803933467e-05,630,-0.00014212002464864424,2.6201258564950218e-05
T2_WDRO_base,WDRO,1014,base,TIER2,214735f5c9ead0b99fce1cc821afce9ea830f706caedb810ef76a497a36efd5b,false,plain,none,999,0.00029687337701279584,4.1258325735559237e-05,0.04362079675114176,0.7336952762281932,1.241384876363793,0.04621845807149141,0.23227056498710083,5.578558429203388,0.07209565415159225,0.10196616147213215,0.15202486244021626,0.014011791860542418,0.09644936451266588,0.05201877808612703,1.3412132483983763,-0.0006836772487309578,0.0,200,0,0.0,200,0,0,1.1985466734568156e-10,2.916787083391815e-16,0,0,5109,16,6.135657700011507,6.125,28.318043499893975,369,0.00048421410163553225,4.8742416001597504e-05,630,0.00018714523830519307,3.691266137207037e-05
T2_WDRO_base,WDRO,1015,base,TIER2,214735f5c9ead0b99fce1cc821afce9ea830f706caedb810ef76a497a36efd5b,false,plain,none,999,-0.0001528885751376249,3.906267550472734e-05,-0.06805930361625534,-0.38832406983877343,0.0035313399987776817,-0.024462117068901723,-0.5350470114904446,8.094075565758517,-0.042530191877394374,0.09921589704876578,0.25611457676144356,0.015371266661411889,0.11346136607312013,0.04032611251531571,1.2323553586726828,-0.003381608790654214,0.015015015015015015,200,0,0.0,200,0,0,8.282968621707034e-11,4.580807781025849e-16,0,0,5184,0,6.053664899955038,6.046875,27.82160450005904,369,-0.00038526131396448437,6.018556540138483e-05,630,-1.678454239617861e-05,2.6716481472212407e-05
T2_WDRO_base,WDRO,1016,base,TIER2,214735f5c9ead0b99fce1cc821afce9ea830f706caedb810ef76a497a36efd5b,false,plain,none,999,-0.00012700925026701173,3.0977505964434045e-05,-0.05542532557639909,-0.3622533398098805,-0.008320520425169899,-0.022819815446179,-0.19282174550522324,8.214873263292946,-0.035274716537481376,0.08835344646949195,0.20189108420941887,0.014571460338985584,0.09737819715277876,0.031782645378079274,1.050508184352158,-0.0030288216681001465,0.11511511511511512,200,0,0.0,199,1,0,1.6203873462358571e-10,3.394399270566704e-16,0,0,4645,0,5.595421599980909,5.484375,25.6061669983319,369,-1.3797976557631485e-05,3.6806172056604844e-05,630,-0.0001933187105825059,2.7604737939891504e-05
T2_WDRO_base,WDRO,1017,base,TIER2,214735f5c9ead0b99fce1cc821afce9ea830f706caedb810ef76a497a36efd5b,false,plain,none,999,-0.00020578954375930484,1.8550461880439582e-05,-0.06588311420895714,-0.7584836281962516,-0.44353717101013745,-0.04777997746955381,-0.4007612686658164,6.81571329988758,-0.052760313568911865,0.06837189769101612,0.23978890712998963,0.011391840284774968,0.06916002772507812,0.022362873677404253,0.8276276347391586,0.0019945103165969922,0.12512512512512514,200,0,0.0,199,1,0,3.9906866608297147e-11,3.439400704359372e-16,0,0,4235,0,5.272652500018012,5.25,24.085740499431267,369,-0.00031240487360934547,3.9108415766273195e-05,630,-0.00014334342198999534,6.541832907048887e-06
T2_WDRO_base,WDRO,1018,base,TIER2,214735f5c9ead0b99fce1cc821afce9ea830f706caedb810ef76a497a36efd5b,false,plain,none,999,-0.00017493317556918666,6.103617497526272e-05,-0.09022650852473364,-0.35545022681214244,0.03609661255572513,-0.02239125960967695,0.20133566622911792,8.730142633150082,-0.05044946820905283,0.1240206276946146,0.3036660164716721,0.01897761992235737,0.14328946749928947,0.04850051180196636,1.3460604715269584,-0.0006680717596928972,0.14014014014014015,200,0,0.0,199,1,0,7.292249293118254e-11,3.584352675705371e-16,0,0,4713,1,5.658647199976258,5.59375,25.935754500387702,369,-0.00047386735988886306,7.527586137128173e-05,630,1.5684667519521956e-07,5.27190740669179e-05
T2_WDRO_base,WDRO,1019,base,TIER2,214735f5c9ead0b99fce1cc821afce9ea830f706caedb810ef76a497a36efd5b,false,plain,none,999,0.0003114653142480108,5.9437804540188336e-05,0.033554278958116336,0.6413256056329405,1.0268858580943092,0.040399715760062974,0.007077279206263162,8.174335917054256,0.07357959838073658,0.1223859744583809,0.1310026259201543,0.01832940314170621,0.1135734876885833,0.04748095677655604,1.2200269871153218,0.0008311413080676686,0.08508508508508508,200,0,0.0,200,0,0,2.3481571689671425e-10,3.0143746238560155e-16,0,0,4803,4,6.052195199998096,6.03125,27.88606949907262,369,0.0005197092913784523,4.336519807542935e-05,630,0.00018949384192875214,6.889532848121182e-05
T2_WDRO_base,WDRO,1020,base,TIER2,214735f5c9ead0b99fce1cc821afce9ea830f706caedb810ef76a497a36efd5b,false,plain,none,999,0.00018703204828342048,5.1197159233091805e-05,0.008427023787204557,0.4149477064481289,0.8608357945714837,0.026139248532342424,0.5173986014866214,8.00396052218555,0.04153989282090831,0.11358558062861296,0.17049794173647498,0.015752252211082146,0.12676641615227627,0.050959240604249646,1.4125432900701664,0.0037771219672821607,0.005005005005005005,200,0,0.0,199,1,0,2.173079318113632e-10,3.004509358992328e-16,0,0,5388,4,6.098576799966395,6.078125,28.095109498826787,369,0.00019707131026016117,6.025561113663906e-05,630,0.0001811519091256152,4.597876159478099e-05
T2_WDRO_base,WDRO,1021,base,TIER2,214735f5c9ead0b99fce1cc821afce9ea830f706caedb810ef76a497a36efd5b,false,plain,none,999,0.00012929474033605135,2.7645877567609605e-05,0.011681991123572077,0.3903605655210093,0.8136941448279593,0.024590404238455363,0.2995475148235012,6.486100238190521,0.02953218990372619,0.0834671261457924,0.0971274470862472,0.012144469808712309,0.09567993043933389,0.03391479688613473,1.015002998244791,-0.0047697039956618925,0.13513513513513514,200,0,0.0,200,0,0,7.376468927431572e-11,3.2218650293055353e-16,0,0,4536,13,5.685874599963427,5.6875,26.11903250013711,369,-9.658090113196653e-05,1.6563738915614355e-05,630,0.00026159333033874753,3.41260361616455e-05
T2_WDRO_base,WDRO,1022,base,TIER2,214735f5c9ead0b99fce1cc821afce9ea830f706caedb810ef76a497a36efd5b,false,plain,none,999,6.345928647269353e-05,9.585540909864734e-05,-0.05647494908745861,0.10289331098144391,0.7435963012644268,0.006481669343545997,0.0662921552891873,4.668359838222449,0.003937322017905531,0.1554206006064162,0.23175703984602594,0.021939688588130935,0.20391493476747152,0.0989404415561144,1.8193237766188612,0.002449417912811941,0.0,200,0,0.0,200,0,0,2.853600073197528e-10,4.0420867041974013e-16,0,0,5229,18,6.421013000013772,6.375,29.772465500282124,369,0.00027953786860435056,9.417095566917608e-05,630,-6.310102591870561e-05,9.694986799413422e-05
T2_WDRO_base,WDRO,1023,base,TIER2,214735f5c9ead0b99fce1cc821afce9ea830f706caedb810ef76a497a36efd5b,false,plain,none,999,0.00017260873847335423,2.816976604484063e-05,0.02220105896538575,0.5162635088630132,0.9172241032628822,0.03252154417688388,-0.40537130381943437,7.841784527990494,0.04075203246968173,0.08425426424401224,0.17730780307813954,0.01332270164670786,0.09715837982914582,0.032149437047837334,1.0530423752273672,0.0014596521652639324,0.14514514514514515,200,0,0.0,200,0,0,1.5380136660498072e-10,3.6336003799807277e-16,0,0,4710,0,5.451426399988122,5.34375,24.821567502513062,369,7.071963520659091e-05,5.221455326488733e-05,630,0.0002322866418153156,1.4137355268273632e-05
T2_WDRO_base,WDRO,1024,base,TIER2,214735f5c9ead0b99fce1cc821afce9ea830f706caedb810ef76a497a36efd5b,false,plain,none,999,0.00034524832329814,3.284899106968399e-05,0.06216874022245018,0.9562486409810589,1.4135263408842322,0.060238002275699275,0.22640565421413766,6.518025553432066,0.08638830889564608,0.09098321685651901,0.11573369476259292,0.012441139425551324,0.11577837323345477,0.0401296794278763,1.2416801709012477,0.0006268377416490434,0.09509509509509509,200,0,0.0,200,0,0,1.5409105686183126e-10,2.9881393345720816e-16,0,0,4736,1,5.576826500007883,5.546875,25.55961499834666,369,0.00021586922020062945,4.901817065312514e-05,630,0.0004210275122552533,2.342577400308004e-05
T2_WDRO_base,WDRO,1025,base,TIER2,214735f5c9ead0b99fce1cc821afce9ea830f706caedb810ef76a497a36efd5b,false,plain,none,999,-7.473997806579653e-05,3.894344835904422e-05,-0.04827572143201815,-0.19012360218663296,0.13437810773473435,-0.011976661184514448,-0.40520693878534614,8.236926237894869,-0.02346718690859384,0.09906436789521822,0.1697688225659083,0.015989438295658496,0.10112331467277505,0.031711274729824664,1.0938941600866732,0.0004894259915542281,0.005005005005005005,200,0,0.0,200,0,0,1.0111344507935179e-10,4.205802418593063e-16,0,0,4986,0,5.791452000034042,5.734375,26.610681500460487,369,0.00014828806708737664,3.7967530016187295e-05,630,-0.0002053706902269408,3.953005602275247e-05
T2_WDRO_base,WDRO,1026,base,TIER2,214735f5c9ead0b99fce1cc821afce9ea830f706caedb810ef76a497a36efd5b,false,plain,none,999,6.126316073058575e-05,2.7199568822272577e-05,-0.005124557525530458,0.18647416026805666,0.5474906040933304,0.011746767952592368,-0.2679706213488922,5.5898199311722605,0.012083521625570803,0.08279064767963039,0.2837059571362072,0.012054214719608573,0.09722796416487282,0.02862461571315804,1.1190288992001802,0.0020796101331096335,0.0,200,0,0.0,200,0,0,7.248167930763567e-11,3.3777528609281133e-16,0,0,5176,0,6.051588599977549,5.953125,27.875915496551897,369,0.00021239067067238332,3.0187296152395634e-05,630,-2.725438080675281e-05,2.5473578127731907e-05
T2_WDRO_base,WDRO,1027,base,TIER2,214735f5c9ead0b99fce1cc821afce9ea830f706caedb810ef76a497a36efd5b,false,plain,none,999,-0.00018409652382135122,3.502722401093704e-05,-0.0728729053552489,-0.49379080497728933,-0.1801400548257971,-0.031105896896673875,-0.0813893463909389,8.333099258953354,-0.04954008650785835,0.0939513727986778,0.24513152728845025,0.015105764941908748,0.09071904651783494,0.030094973650207666,0.9641721158604837,0.001133589128744145,0.024024024024024024,200,0,0.0,200,0,0,1.3314997182920497e-10,3.634213340753245e-16,0,0,5049,5,6.1233079000376165,6.015625,28.24908649956342,369,-7.70666456094696e-05,1.8449610932973e-05,630,-0.00024678545248831045,4.4771080859728224e-05
T2_WDRO_base,WDRO,1028,base,TIER2,214735f5c9ead0b99fce1cc821afce9ea830f706caedb810ef76a497a36efd5b,false,plain,none,999,1.4410750936967944e-05,4.896644394516769e-05,-0.033387122386430844,0.032691707144143975,0.5240034562575056,0.0020593839770847275,-0.2177963496704333,5.604940620932452,-0.002535821808470229,0.11108349955858547,0.16009104325012657,0.017142081190898505,0.17463740907496283,0.054130350279243344,1.4954110774975216,0.0034967269128593765,0.06506506506506507,200,0,0.0,200,0,0,1.4563043982614043e-10,4.089444216249695e-16,0,0,5317,0,5.88628689997131,5.734375,26.98950649908511,369,-0.00028211612988679355,3.0445343601628016e-05,630,0.00018809078113374254,5.9798370930143466e-05
T2_WDRO_base,WDRO,1029,base,TIER2,214735f5c9ead0b99fce1cc821afce9ea830f706caedb810ef76a497a36efd5b,false,plain,none,999,-0.0001105101153221057,1.829163819027654e-05,-0.0416770275330197,-0.410181436120505,-0.20790656952614178,-0.02583900172357578,-0.43150376478527586,7.5719124498482655,-0.02970587180787032,0.06789324579035597,0.15382599256206053,0.011745515835811158,0.055545439353709744,0.013726424371860287,0.6834919971065225,0.0019070516658799442,0.06506506506506507,200,0,0.0,200,0,0,1.2370186773888646e-11,3.654004358256801e-16,0,0,5073,0,5.404671999975108,5.234375,24.644942997547332,369,5.291703174215975e-05,1.1569472045150105e-05,630,-0.00020623173003117548,2.222871436309518e-05
T2_WDRO_shift,WDRO,1000,shift,TIER2,82e794eed81e2362db4f5d3b5ae5cc4a7be6b70efb2cc5c38441f5cfae079170,false,plain,none,999,0.00020496133132491683,3.59299405098058e-05,0.02448722046846586,0.542805144008636,0.8209386029706256,0.03419351003365363,0.4029317063893923,12.307316414443006,0.048258748153831243,0.0951543220693157,0.17680676641694076,0.013455736189776113,0.06623947250490671,0.026525581788477023,0.8979785279179777,0.002646028712956074,0.04004004004004004,200,0,0.0,200,0,0,1.1642595808402316e-10,3.1521707508073607e-16,0,0,5167,0,5.20686370000476,5.046875,23.635793505236506,369,0.0009597997573687326,7.931638600185774e-05,630,-0.00023715831821503238,1.0073538010526465e-05
T2_WDRO_shift,WDRO,1001,shift,TIER2,82e794eed81e2362db4f5d3b5ae5cc4a7be6b70efb2cc5c38441f5cfae079170,false,plain,none,999,-6.239106226711942e-05,4.513279982539401e-05,-0.04984294435931196,-0.1474268249220834,0.15018688595178897,-0.009287017031516475,0.18800898976649072,11.428672201547347,-0.021174080971466336,0.10664645121146456,0.2629432553279767,0.01688238652971665,0.05484466802319527,0.031449150610612375,0.7938586809057198,0.0010358546645353741,0.17517517517517517,200,0,0.0,200,0,0,2.926938418960056e-10,3.38501934148074e-16,0,0,4509,10,5.3730878999922425,5.203125,24.53337299899431,369,-2.5135540679916504e-05,1.437593984875989e-07,630,-8.421215348248113e-05,7.152435393310192e-05
T2_WDRO_shift,WDRO,1002,shift,TIER2,82e794eed81e2362db4f5d3b5ae5cc4a7be6b70efb2cc5c38441f5cfae079170,false,plain,none,999,-0.0005663054912119371,3.969600821229392e-05,-0.17271916599390236,-1.426847717380884,-1.086675259861194,-0.08988295759404744,-0.5714424266112837,6.734103559396865,-0.1373657118249203,0.10001696890777119,0.47751789657607746,0.016375082449004395,0.08880834321107677,0.033885264329616555,1.1856335043230153,0.003576453851913858,0.0,200,0,0.0,200,0,0,3.2527471120927374e-10,4.173218653136836e-16,0,0,5313,0,5.825862099998631,5.71875,26.738661997078452,369,-0.0003916946106810657,3.065515034421989e-05,630,-0.0006685775783800191,4.502016042578928e-05
T2_WDRO_shift,WDRO,1003,shift,TIER2,82e794eed81e2362db4f5d3b5ae5cc4a7be6b70efb2cc5c38441f5cfae079170,false,plain,none,999,-0.0003099046976794992,8.632876900149179e-05,-0.14336053318036157,-0.5294813357849854,-0.14920690457278377,-0.033354189008032276,0.05096395632584556,6.642223186265345,-0.0851370921884338,0.14749525344354622,0.332526634783789,0.02266757091432276,0.1336238217813155,0.05634312917084608,1.3096696448304306,-0.00221373119474717,0.0,200,0,0.0,200,0,0,3.014954778007438e-10,4.462606607023097e-16,0,0,5195,1,5.759069300023839,5.609375,26.47299450240098,369,-0.00017467894683112457,7.414317901306113e-05,630,-0.0003891083517478329,9.357825425034116e-05
T2_WDRO_shift,WDRO,1004,shift,TIER2,82e794eed81e2362db4f5d3b5ae5cc4a7be6b70efb2cc5c38441f5cfae079170,false,plain,none,999,0.00022073036021058972,9.604489927912994e-05,-0.016985893081953626,0.35754045598870693,0.9238032685955359,0.0225229316712084,0.10891636716074075,4.4300965167543955,0.044501497175053695,0.1555741450831106,0.24169886635777668,0.02086140925218481,0.16144587517785627,0.08692401260710711,1.636125799439861,-0.005176019873633036,0.0,200,0,0.0,200,0,0,3.479818467049617e-10,3.6543732917692104e-16,0,0,5422,18,6.422682599979453,6.296875,29.763323499646503,369,0.000869270818839626,0.00012126818052370847,630,-0.00015912905127213152,8.104930239285586e-05
T2_WDRO_shift,WDRO,1005,shift,TIER2,82e794eed81e2362db4f5d3b5ae5cc4a7be6b70efb2cc5c38441f5cfae079170,false,plain,none,999,-0.000137449729910548,5.561419860701099e-05,-0.0766816660843584,-0.2925845028909618,0.1084639309973576,-0.018431091240974848,0.09102363300812032,5.014921832168306,-0.040784788925840476,0.11838402784568014,0.25195985339028815,0.016674197648735168,0.14383700244782752,0.04799024859170903,1.5223825038843906,-0.001217755001309797,0.0,200,0,0.0,200,0,0,1.7576446369451596e-10,3.577315197165855e-16,0,0,5135,0,6.329728799988516,6.265625,29.29612050182186,369,0.0001626206198467353,4.930845443839449e-05,630,-0.0003132052204826711,5.930806471216467e-05
T2_WDRO_shift,WDRO,1006,shift,TIER2,82e794eed81e2362db4f5d3b5ae5cc4a7be6b70efb2cc5c38441f5cfae079170,false,plain,none,999,0.00010127403801468487,2.7338884132644675e-05,0.004852861175421213,0.30747372180621363,0.5823822412330805,0.019369023871111876,-0.10708909248627045,8.01245545639488,0.022323061605831196,0.08300240238346393,0.07559837580277796,0.012226204139977402,0.07028691981041185,0.023043627883312726,0.90825214790429,0.0029819994366574462,0.04504504504504504,200,0,0.0,199,1,0,3.876071556617971e-11,3.735799302988933e-16,0,0,5244,0,5.431900300027337,5.40625,24.7054424972157,369,0.00010551776680253161,4.768426998003892e-05,630,9.878842543894607e-05,1.547914860732542e-05
T2_WDRO_shift,WDRO,1007,shift,TIER2,82e794eed81e2362db4f5d3b5ae5cc4a7be6b70efb2cc5c38441f5cfae079170,false,plain,none,999,9.942422895902424e-05,9.136047386832792e-05,-0.04401361254678181,0.16512518999562437,0.560354870693716,0.010401909236207447,0.152368873076701,7.3494354705348455,0.013655758034706533,0.15173278951768676,0.2776719118045488,0.02228883529855769,0.11565939215333709,0.05962385177413341,1.2232614365420167,-0.0008175699931443537,0.12512512512512514,200,0,0.0,200,0,0,1.6796122827219706e-10,3.4143322741320003e-16,0,0,4981,4,5.438998199999332,5.421875,24.790385497908574,369,0.00017958135635702522,1.2149371837407903e-05,630,5.2475054340195106e-05,0.00013784264632236084
T2_WDRO_shift,WDRO,1008,shift,TIER2,82e794eed81e2362db4f5d3b5ae5cc4a7be6b70efb2cc5c38441f5cfae079170,false,plain,none,999,0.00013707267200214736,6.230168695594171e-05,-0.012557761994150802,0.275677451914977,0.8001703705590756,0.017366047138928475,0.35722284703138635,4.540980495176327,0.027073576590350035,0.1252997410727465,0.21884475773877946,0.01622701383027564,0.14224698748599485,0.06538993965307727,1.5437432040116323,-0.0019714064705544172,0.0,200,0,0.0,199,1,0,3.9001533704195274e-10,3.4318104500378175e-16,0,0,5624,4,6.2622530000517145,6.234375,28.812495501188096,369,0.00031885019686943164,7.531397293245104e-05,630,3.060297886559514e-05,5.475708600857458e-05
T2_WDRO_shift,WDRO,1009,shift,TIER2,82e794eed81e2362db4f5d3b5ae5cc4a7be6b70efb2cc5c38441f5cfae079170,false,plain,none,999,0.0005063893633650095,8.38540584445195e-05,0.06421645138392565,0.8778550297123122,1.578993875465444,0.05529966894728559,0.08865773380106277,6.416356038380213,0.12416027593348167,0.1453658237964444,0.20163382398365567,0.01977426931934838,0.2169641929743083,0.1014295112832841,1.7671513098564124,0.001896770885837149,0.015015015015015015,200,0,0.0,199,1,0,2.132300806241912e-10,3.9048663196578396e-16,0,0,5465,12,6.497301099996548,6.46875,30.063496500079054,369,0.000355065453050921,2.7699124423398763e-05,630,0.0005950219394061185,0.00011681983103984095
T2_WDRO_shift,WDRO,1010,shift,TIER2,82e794eed81e2362db4f5d3b5ae5cc4a7be6b70efb2cc5c38441f5cfae079170,false,plain,none,999,-0.0005600787230077265,3.531527057440593e-05,-0.16783818275219797,-1.4961256746392781,-1.1804683008340957,-0.09424705869510155,-0.40848159355647634,6.759475894008153,-0.1355288682796031,0.09433688666025764,0.45641662187041887,0.01610195412065698,0.07923706663664869,0.029511216907171504,0.9975527311063098,-0.004769491524208168,0.04004004004004004,200,0,0.0,199,1,0,1.0596643892976911e-10,3.8711693858823187e-16,0,0,5274,0,5.353234299982432,5.34375,24.316310999856796,369,-0.0009222100701631759,5.656000666252093e-05,630,-0.00034797321967382043,2.2820070492590906e-05
T2_WDRO_shift,WDRO,1011,shift,TIER2,82e794eed81e2362db4f5d3b5ae5cc4a7be6b70efb2cc5c38441f5cfae079170,false,plain,none,999,8.54216450698335e-05,1.1182714330121364e-05,0.013072122524026288,0.4055034802905596,0.6191904935152557,0.025544318205238153,-0.06498736206274629,11.019930891020758,0.020321397923569906,0.053085252294687114,0.07428666824643389,0.008897179701653348,0.03303123642437242,0.011180329017218361,0.43225938765540556,-0.00038014349681549044,0.2852852852852853,200,0,0.0,200,0,0,2.595748399006208e-11,3.5284496477753065e-16,0,0,3965,0,4.360390899993945,4.359375,19.507583999074996,369,9.502498559120773e-05,3.432998785518586e-06,630,7.979683133588573e-05,1.5734421916384143e-05
T2_WDRO_shift,WDRO,1012,shift,TIER2,82e794eed81e2362db4f5d3b5ae5cc4a7be6b70efb2cc5c38441f5cfae079170,false,plain,none,999,-0.00020379487910599775,2.060172235495566e-05,-0.06693121163505791,-0.7127574614608291,-0.43464724606602473,-0.04489949971740614,-1.1975719839424839,12.598601000801093,-0.05253526383237905,0.07205299461818937,0.28185362347635845,0.012373115920811058,0.06232217210660077,0.019251339094292802,0.7909848046775174,0.002946082444101384,0.10510510510510511,200,0,0.0,200,0,0,8.652811195443993e-11,3.223792009841547e-16,0,0,4853,0,5.192129399976693,5.171875,23.536328997579403,369,-0.000606285135143223,3.531723859971183e-05,630,3.194941371580561e-05,1.1874380301359958e-05
T2_WDRO_shift,WDRO,1013,shift,TIER2,82e794eed81e2362db4f5d3b5ae5cc4a7be6b70efb2cc5c38441f5cfae079170,false,plain,none,999,-8.773557313270587e-05,6.089175885963743e-05,-0.06814353412732777,-0.17848294711967702,0.20611443255238446,-0.011243368841537081,0.2980640139019769,11.362380662464426,-0.02932844611271679,0.12387381980317162,0.23266953132557341,0.019396404812143032,0.09501867737501744,0.04764160314507911,1.0710717341185372,-0.0039812348964531575,0.015015015015015015,200,0,0.0,200,0,0,2.9985841787550703e-10,5.011862357267842e-16,0,0,5264,0,5.546881300047971,5.53125,25.34761350339977,369,6.72241167153843e-06,1.5293181803933467e-05,630,-0.00014306096423233469,8.765797096827317e-05
T2_WDRO_shift,WDRO,1014,shift,TIER2,82e794eed81e2362db4f5d3b5ae5cc4a7be6b70efb2cc5c38441f5cfae079170,false,plain,none,999,0.0002916723855288492,4.9640452171017614e-05,0.035973259311980685,0.6571699850255416,1.1401485790547206,0.041397817844610094,0.2875756944953014,5.57847138465785,0.06956658101904556,0.11184540199353946,0.17926475877627854,0.015800186862756617,0.08483261853564295,0.05383158875428877,1.3126456649887976,-0.002166758190399113,0.0,200,0,0.0,200,0,0,1.1985466734568156e-10,2.916787083391815e-16,0,0,5113,9,5.889887800032739,5.828125,27.0918684991193,369,0.00048421410163553225,4.8742416001597504e-05,630,0.0001788979518092206,5.02102863416047e-05
T2_WDRO_shift,WDRO,1015,shift,TIER2,82e794eed81e2362db4f5d3b5ae5cc4a7be6b70efb2cc5c38441f5cfae079170,false,plain,none,999,-0.0003916656002286087,4.53023765343688e-05,-0.1329483279175922,-0.9237516072885675,-0.5575180579610597,-0.05819088157337501,-0.4159356197000042,6.75321413800733,-0.09916886066349417,0.10684661382870744,0.37434922522356445,0.01655165710120768,0.10162428262582376,0.04052579083641885,1.2162935742372776,-0.006299968994189097,0.0,200,0,0.0,200,0,0,1.914470063584512e-10,4.580807781025849e-16,0,0,5260,0,5.8614645000197925,5.84375,26.89169000106631,369,-0.00038526131396448437,6.018556540138483e-05,630,-0.0003954166821833101,3.6666867590796213e-05
T2_WDRO_shift,WDRO,1016,shift,TIER2,82e794eed81e2362db4f5d3b5ae5cc4a7be6b70efb2cc5c38441f5cfae079170,false,plain,none,999,-0.0003283293579858801,5.617247424210367e-05,-0.12520538873947215,-0.6954216561928456,-0.3539314124650117,-0.04380744663368881,-0.34230203334976905,6.188774730351883,-0.08592368024105035,0.11897673515864404,0.3534055428997771,0.01956050761637786,0.11452568701874886,0.04153433660091011,1.2941937439880515,-0.0032891936922079526,0.0,200,0,0.0,200,0,0,1.7624105100759344e-10,3.6222109547645276e-16,0,0,5198,0,5.86079529998824,5.796875,26.939013998780865,369,-1.3797976557631485e-05,3.6806172056604844e-05,630,-0.0005125548813938544,6.750011321641557e-05
T2_WDRO_shift,WDRO,1017,shift,TIER2,82e794eed81e2362db4f5d3b5ae5cc4a7be6b70efb2cc5c38441f5cfae079170,false,plain,none,999,-0.00043829170910042074,2.5844148821697853e-05,-0.12998768720250958,-1.368618509583559,-1.0013127950828982,-0.08621486228757064,-0.5092246952889038,5.576547965626556,-0.10750604075669346,0.08070145911362359,0.3847763368029663,0.013725616169366524,0.0842850609994377,0.030135073561980186,0.9662442506751648,-0.00029871743194021975,0.055055055055055056,200,0,0.0,200,0,0,6.575567120449203e-11,3.439400704359372e-16,0,0,4619,1,5.4711820999509655,5.40625,25.075542003905866,369,-0.00031240487360934547,3.9108415766273195e-05,630,-0.0005120254270309078,1.8110160094993765e-05
T2_WDRO_shift,WDRO,1018,shift,TIER2,82e794eed81e2362db4f5d3b5ae5cc4a7be6b70efb2cc5c38441f5cfae079170,false,plain,none,999,-0.00030485441630625056,7.588689794067221e-05,-0.13419380775232334,-0.5555323589942055,-0.12405085603853963,-0.03499524921780295,-0.08270088647271934,6.208914714117636,-0.08277262782373085,0.13828773727648233,0.37772377231572596,0.020474028838517483,0.15746994258403657,0.0596759376578157,1.5440785454777894,-0.0003114036788828655,0.0,200,0,0.0,199,1,0,2.440580382941552e-10,3.584352675705371e-16,0,0,5548,1,6.241498599993065,6.171875,28.820395997609012,369,-0.00047386735988886306,7.527586137128173e-05,630,-0.00020586112077929181,7.633846223058111e-05
T2_WDRO_shift,WDRO,1019,shift,TIER2,82e794eed81e2362db4f5d3b5ae5cc4a7be6b70efb2cc5c38441f5cfae079170,false,plain,none,999,0.00010662150464894386,5.1299577721201984e-05,-0.011913861585694852,0.23631330945769197,0.5641666678893462,0.014886339245707161,0.6226603762634267,11.458584293636832,0.020638688786693615,0.11369913625768184,0.1387920190288638,0.01699086665698044,0.08359369539512344,0.03811247669949795,0.8760982150044494,-0.001221091876208398,0.08508508508508508,200,0,0.0,200,0,0,2.3481571689671425e-10,3.555584399461964e-16,0,0,4771,4,5.054436100006569,4.953125,22.904448499903083,369,0.0005197092913784523,4.336519807542935e-05,630,-0.00013532991329262537,5.586444903886132e-05
T2_WDRO_shift,WDRO,1020,shift,TIER2,82e794eed81e2362db4f5d3b5ae5cc4a7be6b70efb2cc5c38441f5cfae079170,false,plain,none,999,9.532337871124811e-05,5.1570173212671395e-05,-0.014965559513545054,0.2107174018226735,0.5605981257458433,0.013273948622296727,0.46329838260505896,8.967751632885571,0.017697938198875107,0.11399861248977196,0.15788299074481912,0.016560607448232647,0.09165457360959173,0.04045855765415344,1.1107750186829153,-4.872812285047876e-05,0.005005005005005005,200,0,0.0,199,1,0,2.1124373091984708e-10,3.163331728904272e-16,0,0,5381,1,5.826687699998729,5.71875,26.749360500252806,369,0.00019707131026016117,6.025561113663906e-05,630,3.572816166117047e-05,4.656106572589487e-05
T2_WDRO_shift,WDRO,1021,shift,TIER2,82e794eed81e2362db4f5d3b5ae5cc4a7be6b70efb2cc5c38441f5cfae079170,false,plain,none,999,7.416113805948912e-05,3.141101167811631e-05,-0.00505811803766467,0.2100562915896732,0.5871384805218801,0.013232302592160567,0.02971676689189377,6.196663465754365,0.014843819746516385,0.08896951693071796,0.15297554572544578,0.013246025656751323,0.07879784922967113,0.03189954614730023,0.982071233183315,-0.005511964578870561,0.04504504504504504,200,0,0.0,200,0,0,7.00472938305821e-11,3.6979368957962565e-16,0,0,4924,10,5.9037533000227995,5.796875,27.159305999230128,369,-9.658090113196653e-05,1.6563738915614355e-05,630,0.00017416718958591313,4.01203109250907e-05
T2_WDRO_shift,WDRO,1022,shift,TIER2,82e794eed81e2362db4f5d3b5ae5cc4a7be6b70efb2cc5c38441f5cfae079170,false,plain,none,999,-9.272578762614497e-05,0.00012126167629243193,-0.11504072575886706,-0.13367156034937344,0.47553753935973525,-0.008420516810628675,-0.032678432184319574,6.0886564793784315,-0.03790666725522762,0.17480830193584299,0.30668090578881263,0.02546666306779139,0.18167440445585842,0.1063335992975987,1.6394526996127614,0.0015148692709154713,0.0,200,0,0.0,199,1,0,4.765672947870702e-10,4.0420867041974013e-16,0,0,5214,19,6.169177699950524,6.109375,28.503700500587,369,0.00027953786860435056,9.417095566917608e-05,630,-0.00031076592913257807,0.00013717512559893217
T2_WDRO_shift,WDRO,1023,shift,TIER2,82e794eed81e2362db4f5d3b5ae5cc4a7be6b70efb2cc5c38441f5cfae079170,false,plain,none,999,8.346021377985385e-05,2.379933996293187e-05,0.003039672860546678,0.2715797016121038,0.6318881859459077,0.017107913133303666,-0.47328777283246876,8.51100865674862,0.018194507797429926,0.0774430995677396,0.13905333831498679,0.0128079755785578,0.07776107939969099,0.026668108433947558,0.8573228914666031,0.0011647787048693933,0.07007007007007007,200,0,0.0,200,0,0,1.5380136660498072e-10,3.310970660727259e-16,0,0,5129,0,5.221280600002501,5.109375,23.646322501299437,369,7.071963520659091e-05,5.221455326488733e-05,630,9.092255265847928e-05,7.21254483638659e-06
T2_WDRO_shift,WDRO,1024,shift,TIER2,82e794eed81e2362db4f5d3b5ae5cc4a7be6b70efb2cc5c38441f5cfae079170,false,plain,none,999,0.00014303458004738122,4.627805514052957e-05,0.0010585044856997138,0.33377497035292664,0.7682640245574506,0.021025846795519058,0.1642390649594903,5.628377344924786,0.030683510983547935,0.10799106396092897,0.14734624571194052,0.01477179236382052,0.12171301503826093,0.04569450833635993,1.4206539497637942,-0.0016436258971055334,0.0,200,0,0.0,200,0,0,1.1058342894070997e-10,3.1672884157598147e-16,0,0,5191,1,5.852842100022826,5.8125,26.88845399854472,369,0.00021586922020062945,4.901817065312514e-05,630,0.00010037429081476441,4.4743574229300776e-05
T2_WDRO_shift,WDRO,1025,shift,TIER2,82e794eed81e2362db4f5d3b5ae5cc4a7be6b70efb2cc5c38441f5cfae079170,false,plain,none,999,-0.0001029218113742449,5.679161027607822e-05,-0.06887075383502486,-0.2168031559960054,0.09617574808461031,-0.013657315100461243,-0.30274960518952976,7.9958582745626,-0.03255836931403144,0.11963062229033046,0.23568949166832842,0.019105272226570054,0.09758468700062868,0.03724283608927298,1.1417628687203305,0.004357053983351405,0.0,200,0,0.0,200,0,0,2.3091927944540966e-10,3.581969497738799e-16,0,0,4989,0,5.666353499982506,5.59375,25.986858502728865,369,0.00014828806708737664,3.7967530016187295e-05,630,-0.0002500590259017661,6.783632853753938e-05
T2_WDRO_shift,WDRO,1026,shift,TIER2,82e794eed81e2362db4f5d3b5ae5cc4a7be6b70efb2cc5c38441f5cfae079170,false,plain,none,999,-0.00019855138863074045,3.177927735614478e-05,-0.07406008361619204,-0.5591150602241223,-0.29193902828320845,-0.03522093818152212,-0.6453415912693758,9.977674985919016,-0.05261719132004139,0.08948954069470066,0.3917761132390263,0.01452842826523603,0.0715397986734118,0.023580454837764706,0.9010563113744195,0.001640088839962269,0.0,200,0,0.0,200,0,0,5.633254801020613e-11,3.0875869365641235e-16,0,0,5193,0,5.815845699980855,5.671875,26.672246997477487,369,0.00021239067067238332,3.0187296152395634e-05,630,-0.00043924602336542723,3.2604103624862754e-05
T2_WDRO_shift,WDRO,1027,shift,TIER2,82e794eed81e2362db4f5d3b5ae5cc4a7be6b70efb2cc5c38441f5cfae079170,false,plain,none,999,-0.00024862453974352106,5.0847691398445565e-05,-0.10109423871259215,-0.5534885520521655,-0.25473040273241454,-0.03486650148217283,-0.19146789374097475,9.046001970413899,-0.06674057598795291,0.1131972536434002,0.34295173241939697,0.018260424510460546,0.09124842955436328,0.03437603875161268,1.0338034462438728,0.0005637279302973021,0.0,200,0,0.0,200,0,0,3.244272952656579e-10,3.779527367889072e-16,0,0,5171,2,6.405635499977507,6.234375,29.657770504127257,369,-7.70666456094696e-05,1.8449610932973e-05,630,-0.00034910844916489407,6.985583087953548e-05
T2_WDRO_shift,WDRO,1028,shift,TIER2,82e794eed81e2362db4f5d3b5ae5cc4a7be6b70efb2cc5c38441f5cfae079170,false,plain,none,999,4.1469517726342685e-05,6.335515271461849e-05,-0.03744617698521323,0.08270624128234341,0.44835066635173365,0.00521000348347582,-0.06169680750851896,7.804101911909219,0.002474479504623428,0.12635465359092976,0.1428138083244265,0.020048098261686065,0.13435956212284603,0.04619843098412953,1.3191296282415477,0.003792947528520102,0.06006006006006006,200,0,0.0,200,0,0,1.4991684856254116e-10,4.089444216249695e-16,1,0,5278,0,6.020122999965679,5.9375,27.62903550028568,369,-0.00028211612988679355,3.0445343601628016e-05,630,0.00023099825418546535,8.261254135713931e-05
T2_WDRO_shift,WDRO,1029,shift,TIER2,82e794eed81e2362db4f5d3b5ae5cc4a7be6b70efb2cc5c38441f5cfae079170,false,plain,none,999,-8.378461111409426e-05,2.6856108739912065e-05,-0.04141694020812527,-0.2566510144837779,-0.04505943034631183,-0.016167494239440777,-0.2821336296025151,5.566578068225645,-0.024201533371751127,0.08226627135380478,0.1482415761441701,0.013419586925771679,0.06372870552947535,0.017816751262092506,0.8570384542845186,0.0030408163321100673,0.035035035035035036,200,0,0.0,200,0,0,3.379249502702568e-11,3.654004358256801e-16,0,0,5236,0,5.39209330000449,5.390625,24.542517498193774,369,5.291703174215975e-05,1.1569472045150105e-05,630,-0.00016385271621561446,3.5824954393880354e-05
