problem,n,solver,solves,failed,inaccurate,max_err_exact,max_err_ref_w,max_err_ref_obj,wall_ms_median
"CVaR, LS book, proportional cost (LP)",10,CLARABEL,10,0,0,0.0,4.663622703428581e-10,1.0590831313351082e-08,4.89820001530461
"CVaR, LS book, proportional cost (LP)",10,HIGHS,10,0,0,0.0,4.710739397476832e-12,1.0705624661545791e-10,4.816100001335144
"CVaR, LS book, proportional cost (LP)",10,OSQP,10,7,0,0.0,1.0586232376819105e-09,5.7192916693969355e-09,8.313399972394109
"CVaR, LS book, proportional cost (LP)",10,SCS,10,0,0,0.0,1.8437895741435506e-10,2.2494121237706473e-10,5.8837000105995685
"CVaR, LS book, proportional cost (LP)",30,CLARABEL,10,0,0,0.0,8.352440933334648e-09,8.937455112125424e-09,8.192250010324642
"CVaR, LS book, proportional cost (LP)",30,HIGHS,10,0,0,0.0,7.897038578619231e-11,9.038333348516267e-11,7.338900002650917
"CVaR, LS book, proportional cost (LP)",30,OSQP,10,10,0,0.0,0.0,0.0,nan
"CVaR, LS book, proportional cost (LP)",30,SCS,10,0,0,0.0,4.766139564960081e-08,6.101380736030169e-10,9.62385002640076
"MV, LS book, 1.5-power cost",10,CLARABEL,10,0,0,0.0,1.042568764660079e-06,7.25108653134264e-10,1.6830500098876655
"MV, LS book, 1.5-power cost",10,SCS,10,0,0,0.0,1.483657716866177e-06,1.5527536832643594e-08,17.70865000435151
"MV, LS book, 1.5-power cost",30,CLARABEL,10,0,0,0.0,1.0803851239714335e-06,5.686579264039631e-10,3.1659499800298363
"MV, LS book, 1.5-power cost",30,SCS,10,0,0,0.0,4.915649768230828e-07,1.7015207331213394e-09,35.07580002769828
"MV, LS book, quadratic cost form",10,CLARABEL,10,0,0,0.0,1.2455450505766529e-07,1.2255511515430495e-09,1.2831000203732401
"MV, LS book, quadratic cost form",10,HIGHS,10,0,0,0.0,3.3400665566674093e-09,1.2998811726912511e-11,2.533149963710457
"MV, LS book, quadratic cost form",10,OSQP,10,0,0,0.0,7.3668871766741084e-09,2.2112683795956817e-09,2.550250035710633
"MV, LS book, quadratic cost form",10,SCS,10,0,0,0.0,1.323140322799127e-09,5.718413952610531e-10,1.618700014660135
"MV, LS book, quadratic cost form",30,CLARABEL,10,0,0,0.0,1.3172530224550195e-07,8.271374277113632e-10,1.8923500028904527
"MV, LS book, quadratic cost form",30,HIGHS,10,1,0,0.0,5.200515212910872e-09,8.356357468210522e-12,4.5467999880202115
"MV, LS book, quadratic cost form",30,OSQP,10,0,0,0.0,3.4578672911123043e-09,2.0979406414032514e-09,2.9939500091131777
"MV, LS book, quadratic cost form",30,SCS,10,0,0,0.0,1.9709905219909905e-09,7.352013460785391e-12,2.2766999900341034
"R1 mean-variance, budget only",10,CLARABEL,10,0,0,8.846257060213247e-13,8.757439218243235e-13,1.987700691208385e-14,1.1639499862212688
"R1 mean-variance, budget only",10,HIGHS,10,0,0,2.5460292496504167e-07,2.5460291608325747e-07,1.5392400005900641e-12,2.219699992565438
"R1 mean-variance, budget only",10,OSQP,10,0,0,9.787365806701587e-09,9.787360477631069e-09,5.958591596040541e-09,2.099000004818663
"R1 mean-variance, budget only",10,SCS,10,0,0,1.8376311583523375e-10,1.8376455912516576e-10,1.027100392211672e-09,1.3302499719429761
"R1 mean-variance, budget only",30,CLARABEL,10,0,0,1.5365486660812167e-12,1.5223378113660146e-12,4.103295308684756e-15,1.7298499878961593
"R1 mean-variance, budget only",30,HIGHS,10,0,0,5.974058066016141e-07,5.974057923907594e-07,3.262563353330902e-12,3.951099992264062
"R1 mean-variance, budget only",30,OSQP,10,0,0,7.326724227318948e-10,7.326720341538362e-10,7.04504436438892e-09,2.4547000066377223
"R1 mean-variance, budget only",30,SCS,10,0,0,6.209260883238699e-10,6.209279757030117e-10,5.945885860574639e-11,1.7483500123489648
"R2 minimum variance, budget only",10,CLARABEL,10,0,0,5.617728504603292e-14,5.5289106626332796e-14,7.44252136912197e-15,1.1680500174406916
"R2 minimum variance, budget only",10,HIGHS,10,0,0,8.452466049302387e-08,8.452465960484545e-08,3.3970257241570473e-13,2.21135001629591
"R2 minimum variance, budget only",10,OSQP,10,0,0,1.899851387321405e-10,1.899847501540819e-10,9.519838286319828e-10,2.1017499966546893
"R2 minimum variance, budget only",10,SCS,10,0,0,3.8590702855501036e-10,3.859062513988931e-10,2.0903233311991236e-09,1.3057999894954264
"R2 minimum variance, budget only",30,CLARABEL,10,0,0,3.480549182199866e-14,3.4139358007223564e-14,1.4907779871675686e-15,1.668099983362481
"R2 minimum variance, budget only",30,HIGHS,10,0,0,6.98131796816881e-08,6.981317901555428e-08,1.4320413677420037e-12,3.9148999785538763
"R2 minimum variance, budget only",30,OSQP,10,0,0,3.6590540319902942e-09,3.6590541707681723e-09,3.8452788587821363e-10,2.403800026513636
"R2 minimum variance, budget only",30,SCS,10,0,0,3.959750860538236e-10,3.9597575218763836e-10,1.7750697558962386e-09,1.7392999725416303
"R3 quadratic costs, unconstrained",10,CLARABEL,10,0,0,5.6066262743570405e-14,5.5289106626332796e-14,6.231000960983858e-16,1.1300000187475234
"R3 quadratic costs, unconstrained",10,HIGHS,10,0,0,3.762253242278746e-08,3.762253164563134e-08,8.002658757550452e-14,1.960149995284155
"R3 quadratic costs, unconstrained",10,OSQP,10,0,0,8.98955909711674e-12,8.98961460826797e-12,5.123647607741569e-11,1.7863500106614083
"R3 quadratic costs, unconstrained",10,SCS,10,0,0,1.5543122344752192e-15,2.3314683517128287e-15,1.7625538199502749e-15,1.0819999733939767
"R3 quadratic costs, unconstrained",30,CLARABEL,10,0,0,1.34781075189494e-13,1.3233858453531866e-13,4.788436556142926e-16,1.5687999548390508
"R3 quadratic costs, unconstrained",30,HIGHS,10,0,0,7.454752337654469e-08,7.454752160018785e-08,8.487503795763336e-14,3.1425500055775046
"R3 quadratic costs, unconstrained",30,OSQP,10,0,0,1.1433187729892325e-11,1.1434964086731725e-11,6.273354674385628e-11,2.0687000069301575
"R3 quadratic costs, unconstrained",30,SCS,10,0,0,2.4980018054066022e-15,2.3314683517128287e-15,1.0820909225452278e-15,1.2996500299777836
