subject,oracle,expected_guard,instants,replay,garbage_truth,label,replay_caught_after,label_corr,alarm
canary:D2,false,replay,30,caught,passed,passed,1,0.0,true
canary:D1b,false,replay,30,caught,passed,passed,1,-0.147325,true
canary:D1,false,replay,30,caught,passed,passed,1,-0.147325,true
canary:D3,false,label,30,passed,caught,caught,,1.0,true
forecast:noisy_oracle,true,,30,passed,n/a,n/a,,0.567402,false
forecast:none,false,,30,passed,passed,passed,,0.0,false
forecast:oracle,true,,30,passed,n/a,n/a,,1.0,false
forecast:plain,false,,30,passed,passed,passed,,0.30684,false
grid:CASH,false,,30,passed,passed,passed,,0.0,false
grid:CVAR,false,,30,passed,passed,passed,,0.30684,false
grid:EW,false,,30,passed,passed,passed,,0.0,false
grid:MINVAR,false,,30,passed,passed,passed,,0.0,false
grid:MPC,false,,30,passed,passed,passed,,0.30684,false
grid:MV,false,,30,passed,passed,passed,,0.30684,false
grid:MV_NC,false,,30,passed,passed,passed,,0.30684,false
grid:MV_noisy_0.25,true,,30,passed,n/a,n/a,,0.288334,false
grid:MV_noisy_0.5,true,,30,passed,n/a,n/a,,0.567402,false
grid:MV_noisy_0.75,true,,30,passed,n/a,n/a,,0.806802,false
grid:MV_oracle,true,,30,passed,n/a,n/a,,1.0,false
grid:RANK_LS,false,,30,passed,passed,passed,,0.30684,false
grid:ROBUST,false,,30,passed,passed,passed,,0.30684,false
optimizer:cvar,false,,30,passed,passed,passed,,0.30684,false
optimizer:equal_weight,false,,30,passed,passed,passed,,0.30684,false
optimizer:mean_variance,false,,30,passed,passed,passed,,0.30684,false
optimizer:min_variance,false,,30,passed,passed,passed,,0.30684,false
optimizer:mpc,false,,30,passed,passed,passed,,0.30684,false
optimizer:rank_ls,false,,30,passed,passed,passed,,0.30684,false
optimizer:robust_box,false,,30,passed,passed,passed,,0.30684,false
optimizer:robust_ell,false,,30,passed,passed,passed,,0.30684,false
risk:ewma,false,,30,passed,passed,passed,,0.0,false
risk:lw,false,,30,passed,passed,passed,,0.0,false
risk:pca,false,,30,passed,passed,passed,,0.0,false
risk:sample,false,,30,passed,passed,passed,,0.0,false
