optimizer,n,ladder,status,wall_ms_min,wall_cpu_ms_min,repetitions
min_variance,10,16,optimal,1.2448999914340675,0.0,5
mean_variance,10,16,optimal,1.61210005171597,0.0,5
cvar,10,16,optimal,4.714899987448007,0.0,5
robust_box,10,16,optimal,1.5872000367380679,0.0,5
robust_ell,10,16,optimal,1.7008999711833894,0.0,5
mpc,10,16,optimal,4.745199985336512,0.0,5
min_variance,30,32,optimal,1.7800999921746552,0.0,5
mean_variance,30,32,optimal,2.9083999688737094,0.0,5
cvar,30,32,optimal,10.384300025179982,0.0,5
robust_box,30,32,optimal,3.2828000257723033,0.0,5
robust_ell,30,32,optimal,3.2530000316910446,0.0,5
mpc,30,32,optimal,14.091699966229498,15.625,5
min_variance,100,128,optimal,21.86550002079457,15.625,5
mean_variance,100,128,optimal,68.68610001401976,62.5,5
cvar,100,128,optimal,100.22459999890998,93.75,5
robust_box,100,128,optimal,57.17400001594797,31.25,5
robust_ell,100,128,optimal,66.74259999999776,62.5,5
mpc,100,128,optimal,664.2357000382617,625.0,5
