seed,selected_by_sharpe,sr_bar,V,N,dsr,dsr_gt_0.95
1000,MINVAR,0.06931113299510314,0.0022350292018141005,8,0.5042205494876127,false
1001,MINVAR,0.015015922715279847,0.000927720243451278,8,0.1760548251371073,false
1002,MINVAR,0.014206901163608886,0.0032207109332764165,8,0.015094357911441479,false
1003,MINVAR,0.036083221260701334,0.0012905066741839655,8,0.3014879886946479,false
1004,MV_NC,0.050752145964379596,0.0008813687685700009,8,0.5922735350954126,false
1005,EW,0.042648200380340534,0.001061071963240887,8,0.4386612910394834,false
1006,MPC,0.040650175581997135,0.0006972252765622159,8,0.5267322965083817,false
1007,MINVAR,0.0385615229732531,0.000680168717830735,8,0.5064267660274829,false
1008,ROBUST,0.05947656708089949,0.0006373614898469053,8,0.7721631912123831,false
1009,MV_NC,0.08160957614755407,0.0009510196217190683,8,0.8771255594609415,false
1010,CVAR,-0.02065482451788232,0.00030631858502270403,8,0.07263483715869551,false
1011,MINVAR,0.046674810806763174,0.0011596166879829122,8,0.4618934144447866,false
1012,EW,0.040492929301678325,0.002925614021300002,8,0.11277495477691268,false
1013,EW,0.020449391245868316,0.0009978813239899698,8,0.2090412282053492,false
1014,MV,0.07863177413127735,0.002590175111485084,8,0.5560768676409652,false
1015,ROBUST,0.022674039303263033,0.0009500218232611537,8,0.2407869103012098,false
1016,MINVAR,0.0785427480129685,0.003442020690943163,8,0.4110410318429679,false
1017,CVAR,0.020220539347385675,0.0010447093959443676,8,0.19696072325452957,false
1018,EW,0.014222529434144182,0.00042466115287944934,8,0.3083612250919703,false
1019,MPC,0.04901679798939564,0.0012307503767822118,8,0.4725210483191772,false
1020,MV,0.05698177910770071,0.0009491516921025362,8,0.65070639801488,false
1021,ROBUST,0.06976676490295294,0.0017080000139439962,8,0.618612461057733,false
1022,MV_NC,0.05903828244023068,0.0004984893176241436,8,0.8006149622282908,false
1023,CVAR,0.06482455110834003,0.0007298707168363905,8,0.7874849240115591,false
1024,MV_NC,0.09498401632107752,0.0007418610684578636,8,0.9640407035108562,true
1025,RANK_LS,0.014516089298060319,0.00021807208729947956,8,0.4118923053386381,false
1026,MV_NC,0.04659281723581545,0.0004085901646148511,8,0.7079535502850323,false
1027,MV,0.03146379173904806,0.0011277695572884233,8,0.2872397644395389,false
1028,MINVAR,0.07721329908842402,0.001485927525255909,8,0.7456483668972312,false
1029,MINVAR,0.13566121227945185,0.005993429454578597,8,0.7684917371739854,false
