strategy,baseline,diff_mean,diff_ci,n,wins,ties,losses
EW,CASH,-0.07892253486050048,0.049019245637986854,30,6,0,24
MINVAR,CASH,-0.04859335020537772,0.045978642597122935,30,8,0,22
RANK_LS,CASH,-0.12767572761947907,0.027780289313075794,30,2,0,28
MV,CASH,0.0011211069948146109,0.010957579346807333,30,16,0,14
MV_NC,CASH,0.00030138734565888294,0.000518147949925821,30,17,0,13
CVAR,CASH,-0.00010699004110663295,0.003637568232621259,30,12,0,18
ROBUST,CASH,0.004471560895044215,0.010101623044153608,30,14,0,16
MPC,CASH,-0.013603707211317467,0.020229038976996027,30,13,0,17
CASH,EW,0.07892253486050048,0.049019245637986854,30,24,0,6
MINVAR,EW,0.030329184655122757,0.01385161053800042,30,26,0,4
RANK_LS,EW,-0.048753192758978596,0.05776327620263569,30,9,0,21
MV,EW,0.08004364185531508,0.05255746691717956,30,23,0,7
MV_NC,EW,0.07922392220615936,0.04913711870584874,30,24,0,6
CVAR,EW,0.07881554481939386,0.04843796078732741,30,25,0,5
ROBUST,EW,0.08339409575554471,0.05213407036647953,30,23,0,7
MPC,EW,0.06531882764918302,0.05542804350452204,30,23,0,7
CASH,RANK_LS,0.12767572761947907,0.027780289313075794,30,28,0,2
EW,RANK_LS,0.048753192758978596,0.05776327620263569,30,21,0,9
MINVAR,RANK_LS,0.07908237741410136,0.05496238039158836,30,22,0,8
MV,RANK_LS,0.1287968346142937,0.022841641216294877,30,29,0,1
MV_NC,RANK_LS,0.12797711496513797,0.027418809335447453,30,28,0,2
CVAR,RANK_LS,0.12756873757837245,0.027109401759285407,30,28,0,2
ROBUST,RANK_LS,0.1321472885145233,0.02370650284962544,30,29,0,1
MPC,RANK_LS,0.11407202040816161,0.020713579036736218,30,30,0,0
