strategy,label,n_seeds,ce_ann_mean,ce_ann_ci95,sharpe,sharpe_gross,ann_return,ann_vol,max_drawdown,cvar95,turnover,cost_drag,gross_exposure,net_exposure,hold_frac,flat_frac,n_inaccurate,n_failed,max_violation
CASH,,30,0.0,0.0,0.0,0.0,0.0,0.0,0.0,0.0,0.0,0.0,0.0,0.0,0.0,1.0,0,0,0.0
EW,,30,-0.07892253486050048,0.049019245637986854,0.3279337305158972,0.2661359989414376,0.056734757100442755,0.22403387312886947,0.354140636864591,0.030761311698628068,0.008126942696215007,0.0012819095908946098,0.999671424416448,0.999671424416448,0.0,0.0,0,0,0.0
MINVAR,,30,-0.04859335020537772,0.045978642597122935,0.361055534327742,0.3075045724859432,0.06029867957086867,0.19918436540813952,0.32058522899357483,0.02718280209884747,0.019982808664132753,0.0045245805222075665,0.9997474218328483,0.9997474218328483,0.0,0.0,0,0,9.246581278432586e-11
RANK_LS,,30,-0.12767572761947907,0.027780289313075794,-0.6669722463230011,0.5619590094089512,-0.08281316070312149,0.12376387322168562,0.3893455960226557,0.017347747678675824,0.35558217657916213,0.1508222156020863,1.4623857957604174,0.0005439680409424607,0.0,0.0,0,0,0.0
MV,,30,0.0011211069948146109,0.010957579346807333,0.06816646892384207,0.4167689603847632,0.006233276623549744,0.0407338120494929,0.0887954809967407,0.0061611124882896265,0.054721420892452514,0.015295268645794528,0.47642344565884104,2.394071628550621e-05,0.0,0.0,4,0,1.6613733689814245e-11
MV_NC,,30,0.00030138734565888294,0.000518147949925821,0.062357783182262864,0.4169289827670302,0.00031140801810585205,0.0017939792583261426,0.004066829989503666,0.0002705442834037599,0.004730900256055078,0.0006415230276200914,0.019611892228458692,6.633022853108638e-06,0.0,0.006406406406406407,0,0,2.130672323312475e-11
CVAR,,30,-0.00010699004110663295,0.003637568232621259,-0.0023523595672417003,0.03421828874944696,0.0019733220825821,0.022182957757838725,0.04968187680054956,0.0032994300409952943,0.0023095563253413176,0.000913975768882218,0.2269459224881425,0.001010817551387077,0.0,0.10610610610610612,16,0,2.292013948372666e-09
ROBUST,,30,0.004471560895044215,0.010101623044153608,0.10044520392651467,0.3548478254388818,0.009803161516815102,0.03987358355850991,0.07973487286177479,0.006219592340756889,0.04041112581990951,0.011716283121742253,0.3532641009959375,0.00015308209693994088,0.0,0.16529863196529865,2,0,4.506036592783647e-12
MPC,,30,-0.013603707211317467,0.020229038976996027,0.07580591247734643,0.4822227157363776,0.008106740635222638,0.08736459973251212,0.17992991730575142,0.012869347743969951,0.10647756959931083,0.037287870924319774,1.0976100569916134,0.0001398289931443607,0.0,0.0,18,0,1.7842102795206927e-11
