variant,label,n_seeds,ce_ann_mean,ce_ann_ci95,sharpe,ann_vol,ann_vol_ci95,turnover,cost_drag,gross_exposure,hold_frac,flat_frac,forecast_quality,forecast_quality_ci95
MV_plain,,30,-0.009820799630501425,0.017349880920045035,0.0206792415445853,0.06952229941309773,0.007097489897837873,0.08915418826524703,0.029061879237135504,0.8729440273570527,0.0,0.0,0.3950289013983701,0.08699816880528728
MV_plain_NC,,30,0.0003186391653327902,0.0009701476824430375,0.004332060631786614,0.003630603613625098,0.0004935497117439288,0.009603460935397589,0.0015030860419450174,0.039495221151041295,0.0,0.004070737404070737,0.3950289013983701,0.08699816880528728
MV_noisy_0.25,ORACLE,30,-0.003927548443987247,0.0015438943389441493,-0.4363338545209226,0.008490641648788157,0.0002724612780203675,0.0234541903343633,0.00412969444017939,0.09321629246678462,0.0,0.0,0.2533259992815458,0.004560645091686876
MV_noisy_0.25_NC,ORACLE,30,-0.005913515815192381,0.0019236188005023185,-0.5581670067219672,0.009928661084918121,0.0003695075624477206,0.03095707368627836,0.00586240456891204,0.10960422161439863,0.0,0.0,0.2533259992815458,0.004560645091686876
MV_noisy_0.5,ORACLE,30,-0.001604123046335449,0.0014661140381462036,-0.16152606015029777,0.008438853004606058,0.0002598166860163868,0.021790688328842792,0.003784893431025346,0.09242991903857277,0.0,0.0,0.5027771717492452,0.003414919452323235
MV_noisy_0.5_NC,ORACLE,30,-0.003315192558270123,0.0017633809412637496,-0.29974877242194153,0.009788509738680961,0.00035295682072253786,0.028971698223408428,0.005404945202451614,0.10758710892748158,0.0,0.0,0.5027771717492452,0.003414919452323235
MV_noisy_0.75,ORACLE,30,-0.003085910570280051,0.007694063033518241,0.08517014363439074,0.048152302950365836,0.001314148227369534,0.09973001474766306,0.026740506821982066,0.5565961373692921,0.0,0.0,0.7515491148913284,0.0019013074623475937
MV_noisy_0.75_NC,ORACLE,30,-0.00016364091219139542,0.0016231557523643642,0.022575469880299605,0.009504539202644128,0.00033713566806940456,0.025258303512543354,0.004571840242917655,0.10392576901443164,0.0,0.0,0.7515491148913284,0.0019013074623475937
MV_oracle,ORACLE,30,0.023011886870200945,0.01677562625957413,0.5318732406126976,0.09269799966972708,0.002469120642701315,0.13371552710742735,0.04262642341816257,1.1888854481116016,0.0,0.0,1.0,0.0
MV_oracle_NC,ORACLE,30,0.00793278709252756,0.0043308212242598116,0.4200011160263791,0.023046529034683468,0.0008642641223764261,0.04781632620776967,0.010612617642149786,0.2530218879978561,0.0,0.0,1.0,0.0
