variant,label,n_seeds,ce_ann_mean,ce_ann_ci95,sharpe,ann_vol,ann_vol_ci95,turnover,cost_drag,gross_exposure,hold_frac,flat_frac,frobenius_rel,calibration,share_below_sample,n_over_W,window
base|250|sample,,20,-0.06753062179553897,0.05063986875113214,0.2799805507726702,0.20014992082599506,0.007641199165400007,0.020531790452353805,0.004604627790561125,0.9997638193956219,0.0,0.0,0.6520179527164227,1.0875182402575565,0.44975,0.12,250.0
base|250|ewma,,20,-0.07191170938359445,0.05212579081671882,0.2661409955441985,0.201970018963415,0.007819392137521839,0.030335450865465963,0.007638171370234871,0.9998276671743241,0.0,0.0,0.6242675640148253,1.119154213922452,0.52825,0.12,250.0
base|250|lw,,20,-0.06714618146343646,0.050745274542154856,0.2816239391145176,0.2000159157030712,0.0076316991256873785,0.019898507889636607,0.004307762043992315,0.9997472164016091,0.0,0.0,0.5869601629713614,1.119779110199691,0.74075,0.12,250.0
base|250|pca,,20,-0.06758115741768285,0.0516163374619637,0.2797399276726601,0.19995962347195023,0.007845054496228254,0.020431056329949657,0.004670813443471372,0.9997703962651452,0.0,0.0,0.7132796399380801,1.0682340826027028,0.19225,0.12,250.0
base|2n|sample,,20,-0.0892559801798143,0.05286510062864041,0.21033963481441748,0.20828402998335022,0.007872659328172774,0.055351183359445624,0.016298963687104033,0.9999237513828689,0.0,0.0,0.7458046562719439,1.2119011009036949,0.4565,0.5,60.0
base|2n|ewma,,20,-0.10756282926585943,0.05496269828598008,0.1430859377038911,0.21139556398251264,0.008181125369659882,0.07744704718480593,0.02510462289227274,1.0001586358017216,0.0,0.0,0.7020522195495544,1.2965694158332484,0.3525,0.5,60.0
base|2n|lw,,20,-0.08455844113596103,0.05206613801488061,0.2307193575260782,0.2076773354354208,0.007787861284550978,0.05156009764598729,0.013736675488348398,0.9998878789294384,0.0,0.0,0.6193737347738086,1.2973467783122181,0.6615,0.5,60.0
base|2n|pca,,20,-0.09236834121019208,0.05272792639248141,0.1956473477112245,0.20813012101422107,0.007964135310332705,0.05474708872952701,0.016033390019402415,0.9999664920973439,0.0,0.0,0.7762093344297997,1.1903558001965735,0.27075,0.5,60.0
base|n|sample,,20,-0.11259373819951439,0.05532026732025762,0.13987738679627404,0.2151443805877448,0.0083918348480202,0.09156048395646718,0.03153208850637998,1.0003704650072,0.0,0.0,0.8207887122862243,1.362056854775258,0.58525,1.0,30.0
base|n|ewma,,20,-0.131815088524774,0.05668548256445495,0.0668578533175109,0.21777334307591967,0.008363837354614904,0.11559387210032868,0.04155521043212469,1.0004673849586958,0.0,0.0,0.8122510516368378,1.4954223531942512,0.24300000000000002,1.0,30.0
base|n|lw,,20,-0.10365512835523982,0.05384707539661066,0.1730541596591218,0.21366322227635468,0.008199488943096082,0.0813380520697401,0.024205003151155962,1.0001894138889635,0.0,0.0,0.6403229461105012,1.489524486721671,0.7015,1.0,30.0
base|n|pca,,20,-0.11255276559072033,0.05492638478939595,0.14114633652549535,0.21547052228598074,0.008378458789341726,0.08907938442538459,0.03007314946614798,1.0002303607074736,0.0,0.0,0.8295238111363016,1.3331119162038556,0.44525,1.0,30.0
wide|250|sample,,20,-0.06659210302802712,0.0670716208458545,0.22703053211376467,0.18268241182249692,0.00872612692569294,0.04223025263240714,0.009621559960242568,0.999866195187046,0.0,0.0,0.6978861301691993,1.2012848372422007,0.6027027027027028,0.4,250.0
wide|250|ewma,,20,-0.07390054297323549,0.06564073987076467,0.19989696948275543,0.1849844418794953,0.009072532149891527,0.058380794315330456,0.014020424529817374,0.9999621009260344,0.0,0.0,0.675081846712376,1.23928961941234,0.5266891891891892,0.4,250.0
wide|250|lw,,20,-0.06382612006952751,0.06767080872531371,0.23950856602007287,0.18197431610194392,0.00869150127233078,0.039251473658679495,0.008282446913752704,0.9998295099981812,0.0,0.0,0.6101480413338035,1.2346423919682838,0.7185810810810811,0.4,250.0
wide|250|pca,,20,-0.06338961489525421,0.06819545894634865,0.23695068815311054,0.18097006127081772,0.00870185887092789,0.036993459569213114,0.007992903293737353,0.9998127644462607,0.0,0.0,0.6769556216865372,1.1808466256316896,0.8148648648648649,0.4,250.0
wide|2n|sample,,20,-0.0664242943601528,0.06536475454400686,0.2296597052013408,0.1832202062710399,0.008791142131194937,0.04567083272488408,0.010490220456429413,0.9998715711578189,0.0,0.0,0.700421393013017,1.208847231099341,0.5972972972972973,0.5,200.0
wide|2n|ewma,,20,-0.07603648644422141,0.06534729860254997,0.19459491788267952,0.18624376708421586,0.009213880427912397,0.06467056384825451,0.015862821503567565,0.9999923892306697,0.0,0.0,0.6783193442044088,1.263078640275761,0.49358108108108106,0.5,200.0
wide|2n|lw,,20,-0.06433737896345365,0.0659619786340159,0.23857859400821685,0.18248066011371034,0.008761970475399365,0.042528807493370194,0.00905043427359583,0.9998348177901907,0.0,0.0,0.6079364626881123,1.2450151143067558,0.7199324324324324,0.5,200.0
wide|2n|pca,,20,-0.0636430646143671,0.06761123413495432,0.2382306195177774,0.18152334639534104,0.008807429247798957,0.040001913067647686,0.008701530840899297,0.9998208196697462,0.0,0.0,0.6769015426864224,1.1905592227179405,0.8665540540540541,0.5,200.0
wide|n|sample,,20,-0.08063904649283545,0.0688855452240079,0.1816880370948299,0.1879678498078534,0.009274624175868287,0.06618297254993905,0.01623310093172711,1.0000063339628744,0.0,0.0,0.7451012287026831,1.2916332700305333,0.6155405405405405,1.0,100.0
wide|n|ewma,,20,-0.08884427001240591,0.0684645939534076,0.15707941454601174,0.19199586007469369,0.009748576699879233,0.09322851212805604,0.025203812404338322,1.0001524260889811,0.0,0.0,0.7102217994132417,1.4016823077117317,0.4236486486486487,1.0,100.0
wide|n|lw,,20,-0.07573279997010712,0.0687879391779357,0.20255531616009512,0.18682173160464638,0.009168099820453015,0.060715594127712734,0.013595703188142117,0.9999384386611098,0.0,0.0,0.624983599683182,1.3426835453133816,0.6972972972972973,1.0,100.0
wide|n|pca,,20,-0.07214202955737545,0.06977019479086356,0.21692963693183726,0.18570145695113627,0.009175708905218953,0.05743889587311292,0.013198262230710422,0.999932237597595,0.0,0.0,0.7090120412890487,1.2620509148656596,0.9932432432432432,1.0,100.0
