strategy,label,n_seeds,ce_post_shift_mean,ce_post_shift_ci95,effect_mean,effect_ci95,ce_post_base_mean,after_minus_before_mean,after_minus_before_ci95,post_diff_vs_EW,post_diff_vs_EW_ci95,post_wtl_vs_EW,post_diff_vs_MV,post_diff_vs_MV_ci95,post_wtl_vs_MV
CASH,,30,0.0,0.0,0.0,0.0,0.0,0.0,0.0,0.47154772257737,0.09278458539262883,29/0/1,0.014385007718504301,0.009349131980900021,24/0/6
EW,,30,-0.47154772257737,0.09278458539262883,-0.37931019543226135,0.043919807377659555,-0.09223752714510867,-0.41526742458602534,0.1003164181441218,,,,-0.4571627148588657,0.09109966017463265,1/0/29
MINVAR,,30,-0.3376966288871604,0.08249564263319849,-0.28374142781652,0.03713841460979724,-0.0539552010706404,-0.2981959902959775,0.09114874756204731,0.13385109369020962,0.02813019682452199,29/0/1,-0.3233116211686561,0.08042990711480268,2/0/28
RANK_LS,,30,-0.2512799406603301,0.038768300434067496,-0.1150076477077517,0.029286835786498485,-0.1362722929525784,-0.1382449051555436,0.04800445411229953,0.2202677819170399,0.09156442194540997,27/0/3,-0.2368949329418258,0.037000405401219016,0/0/30
MV,,30,-0.014385007718504301,0.009349131980900021,-0.015349120656890591,0.004473536098630979,0.0009641129383862906,-0.015778532598907966,0.021059334968140195,0.4571627148588657,0.09109966017463265,29/0/1,,,
MV_NC,,30,-0.00042870755733933247,0.00044775734430117765,-0.0007059047848631416,0.0002039623853334672,0.00027719722752380906,-0.0007713937826338156,0.0008042863710406576,0.4711190150200307,0.09271148346131487,29/0/1,0.013956300161164968,0.009065147004123494,23/0/7
CVAR,,30,-0.004194991039678487,0.004174378169431564,-0.0033553879901742074,0.003772520248782206,-0.0008396030495042799,-0.005339405330907238,0.009450990520746081,0.4673527315376915,0.09326170205310273,29/0/1,0.010190016678825815,0.010841050733343705,18/0/12
ROBUST,,30,-0.00887050594835438,0.006257459987017529,-0.012241811392186035,0.004824490962687195,0.0033713054438316544,-0.015220876306319835,0.018155165399620445,0.4626772166290156,0.0924858934168514,29/0/1,0.00551450177014992,0.006118007382538701,22/0/8
MPC,,30,-0.05027334016434421,0.020477128857189476,-0.038892249670881736,0.009308386779467073,-0.011381090493462476,-0.03287349627273245,0.03741986365775217,0.4212743824130258,0.09299791125472996,29/0/1,-0.0358883324458399,0.014341834699539296,6/0/24
MINVAR_RETUNED,RETUNED,30,-0.34115390481572105,0.08098609968445639,,,,,,0.13039381776164896,0.029618080600886717,29/0/1,-0.32676889709721674,0.07896398852327083,2/0/28
RANK_LS_RETUNED,RETUNED,30,-0.2512799406603301,0.038768300434067496,,,,,,0.2202677819170399,0.09156442194540997,27/0/3,-0.2368949329418258,0.037000405401219016,0/0/30
MV_RETUNED,RETUNED,30,-0.014385007718504301,0.009349131980900021,,,,,,0.4571627148588657,0.09109966017463265,29/0/1,0.0,0.0,0/30/0
MV_NC_RETUNED,RETUNED,30,-0.00042870755733933247,0.00044775734430117765,,,,,,0.4711190150200307,0.09271148346131487,29/0/1,0.013956300161164968,0.009065147004123494,23/0/7
CVAR_RETUNED,RETUNED,30,-0.004194991039678487,0.004174378169431564,,,,,,0.4673527315376915,0.09326170205310273,29/0/1,0.010190016678825815,0.010841050733343705,18/0/12
ROBUST_RETUNED,RETUNED,30,-3.877569204704594e-05,0.000768458954206531,,,,,,0.47150894688532297,0.0926741849793451,29/0/1,0.014346232026457255,0.008742715948126334,24/0/6
MPC_RETUNED,RETUNED,30,-2.637546351074827e-06,0.0011544000438727423,,,,,,0.4715450850310189,0.09278980704981919,29/0/1,0.014382370172153226,0.008545212967286445,24/0/6
