phi_gp,Lam,H,gap_pct_mean,gap_pct_ci95,n_seeds,utility_cf_mean,utility_mpc_mean,paths_per_seed,steps
0.05,0.1,1,0.7731021764036936,0.02231164463804057,20,0.29459244173481214,0.2923177951981878,200,500
0.05,0.1,2,0.0370721585953193,0.003538394628666013,20,0.29459244173481214,0.29448369338458186,200,500
0.05,0.1,5,0.00014561315499346208,0.00017024584863005655,20,0.29459244173481214,0.2945920463486537,200,500
0.05,0.1,10,4.732214718193605e-08,1.6195959355315675e-06,20,0.29459244173481214,0.2945924419197845,200,500
0.05,0.1,20,3.0409713900905824e-12,1.443067246595203e-10,20,0.29459244173481214,0.29459244173483207,200,500
0.05,0.1,60,8.99886433854273e-17,2.8622802996362527e-15,20,0.29459244173481214,0.29459244173481214,200,500
0.05,0.4,1,7.164689767594654,0.1148182298403078,20,0.2692341983403013,0.2499642717148472,200,500
0.05,0.4,2,1.1281865256115728,0.026383410960797292,20,0.2692341983403013,0.2662007944578286,200,500
0.05,0.4,5,0.02191974293155364,0.004703976103973395,20,0.2692341983403013,0.269176110098706,200,500
0.05,0.4,10,-0.0002919686686133428,0.00048065749092105533,20,0.2692341983403013,0.2692350818050001,200,500
0.05,0.4,20,-3.5243295245576313e-06,3.134958200642132e-06,20,0.2692341983403013,0.26923420846460494,200,500
0.05,0.4,60,-2.2857433769148795e-15,6.237240172542023e-15,20,0.2692341983403013,0.2692341983403013,200,500
0.05,1.6,1,27.196733073634913,0.5091358770107437,20,0.20900938900763294,0.15227428968716514,200,500
0.05,1.6,2,9.907460012281273,0.2564572905801112,20,0.20900938900763294,0.18835491322717018,200,500
0.05,1.6,5,0.7789026476998275,0.06833209313667644,20,0.20900938900763294,0.20739634394142353,200,500
0.05,1.6,10,0.062300299072573326,0.023140850092820353,20,0.20900938900763294,0.208884852952189,200,500
0.05,1.6,20,0.0007182319398181812,0.0017018583004904868,20,0.20900938900763294,0.20900831027737957,200,500
0.05,1.6,60,4.485113617464268e-09,1.9425743119114808e-08,20,0.20900938900763294,0.2090093890030833,200,500
0.3,0.1,1,3.3908482702230622,0.04504986399792242,20,0.04108551774799056,0.0396926754756768,200,500
0.3,0.1,2,0.4737936906055526,0.017129405438725046,20,0.04108551774799056,0.04089103076423682,200,500
0.3,0.1,5,0.0005574462498368286,0.0006500886470563172,20,0.04108551774799056,0.041085295897962025,200,500
0.3,0.1,10,-4.2491512410214007e-07,1.4663638337179481e-06,20,0.04108551774799056,0.04108551793885904,200,500
0.3,0.1,20,-1.8062435663363421e-12,6.213117458915073e-12,20,0.04108551774799056,0.04108551774799137,200,500
0.3,0.1,60,-8.337783641390928e-16,5.448911561882969e-15,20,0.04108551774799056,0.04108551774799056,200,500
0.3,0.4,1,16.204010202038692,0.2571374206511603,20,0.025647109867306634,0.021492201809104897,200,500
0.3,0.4,2,4.509786407227005,0.15695629186823554,20,0.025647109867306634,0.024491751360495216,200,500
0.3,0.4,5,0.17886115569267622,0.031384019581560736,20,0.025647109867306634,0.025601597855396018,200,500
0.3,0.4,10,0.0001607691395257877,0.0009313461248814211,20,0.025647109867306634,0.02564707989904359,200,500
0.3,0.4,20,-2.2234104394408374e-08,4.114122719445954e-07,20,0.025647109867306634,0.025647109878070555,200,500
0.3,0.4,60,3.449949441288075e-15,5.0675621631108906e-15,20,0.025647109867306634,0.025647109867306634,200,500
0.3,1.6,1,32.356071751398375,0.4542173067433169,20,0.012298307182902653,0.008319397446831687,200,500
0.3,1.6,2,14.792228104728972,0.41363375607215275,20,0.012298307182902653,0.010479970633027557,200,500
0.3,1.6,5,2.83063564671594,0.21526223714975065,20,0.012298307182902653,0.011951115960282657,200,500
0.3,1.6,10,0.09382612686646907,0.033889619397785044,20,0.012298307182902653,0.012286936646885748,200,500
0.3,1.6,20,0.00014180668935206837,0.00047484842943083973,20,0.012298307182902653,0.012298292194747085,200,500
0.3,1.6,60,2.1478208585022714e-12,8.04024550103569e-12,20,0.012298307182902653,0.012298307182902429,200,500
0.7,0.1,1,8.463061198742626,0.10823463887877308,20,0.015157747075935271,0.013875209912654876,200,500
0.7,0.1,2,0.8622551679754377,0.037435223778204504,20,0.015157747075935271,0.015027162225377954,200,500
0.7,0.1,5,0.00010285713332556651,0.0003364886258238391,20,0.015157747075935271,0.015157732545213487,200,500
0.7,0.1,10,4.685446032036758e-09,6.60624963189998e-08,20,0.015157747075935271,0.01515774707543432,200,500
0.7,0.1,20,1.1548754178938772e-15,2.9737886257877265e-15,20,0.015157747075935271,0.015157747075935271,200,500
0.7,0.1,60,-5.701818594965465e-16,2.1209674521600056e-15,20,0.015157747075935271,0.015157747075935271,200,500
0.7,0.4,1,20.09838396121338,0.44750630958205284,20,0.006812755461025641,0.005444122780211149,200,500
0.7,0.4,2,6.298236442558502,0.28214905793967515,20,0.006812755461025641,0.006384282564793691,200,500
0.7,0.4,5,0.05101238668392181,0.022874841039809298,20,0.006812755461025641,0.006809337435497958,200,500
0.7,0.4,10,-1.1371993694121003e-05,0.0002676378477796137,20,0.006812755461025641,0.0068127569129332625,200,500
0.7,0.4,20,-2.5303171646784527e-09,3.5872381250706464e-08,20,0.006812755461025641,0.006812755461288804,200,500
0.7,0.4,60,-6.345189789089077e-16,5.645678628944666e-15,20,0.006812755461025641,0.006812755461025641,200,500
0.7,1.6,1,27.1326429234967,0.5214876355198739,20,0.0023752801229158143,0.001730910117107348,200,500
0.7,1.6,2,14.484455044602234,0.5070423503092897,20,0.0023752801229158143,0.002031599604552314,200,500
0.7,1.6,5,1.2311164842067719,0.16588201810630124,20,0.0023752801229158143,0.002346196884229673,200,500
0.7,1.6,10,0.01500559391327263,0.01738532976919858,20,0.0023752801229158143,0.002374941002120476,200,500
0.7,1.6,20,1.4446732104329505e-05,0.00019445156658215475,20,0.0023752801229158143,0.002375279974000806,200,500
0.7,1.6,60,1.9456291832115598e-13,3.084805608031303e-12,20,0.0023752801229158143,0.0023752801229158125,200,500
