lambda_ac,baseline,obj_ac_cf,obj_baseline_cf,baseline_not_better_cf,obj_ac_mc,obj_baseline_mc,baseline_not_better_mc
1e-08,market,6545.855774696667,81250.0,true,6479.636930315107,81250.0,true
1e-08,twap,6545.855774696667,6545.857988165679,true,6479.636930315107,6479.622897454419,true
1e-08,vwap,6545.855774696667,6848.510360143178,true,6479.636930315107,6804.820201501998,true
1e-08,pov_0.1,6545.855774696667,13102.79090072321,true,6479.636930315107,13079.378485773963,true
1e-07,market,6612.205452971849,81250.0,true,6546.096002300162,81250.0,true
1e-07,twap,6612.205452971849,6612.426035502957,true,6546.096002300162,6546.155507217096,true
1e-07,vwap,6612.205452971849,6911.701892030095,true,6546.096002300162,6868.00360035274,true
1e-07,pov_0.1,6612.205452971849,13125.32781065089,true,6546.096002300162,13101.874430013659,true
1e-06,market,7256.783286340707,81250.0,true,7191.64103516069,81250.0,true
1e-06,twap,7256.783286340707,7278.106508875739,true,7191.64103516069,7211.481604843862,true
1e-06,vwap,7256.783286340707,7543.6172108992605,true,7191.64103516069,7499.837588860162,true
1e-06,pov_0.1,7256.783286340707,13350.696909927681,true,7191.64103516069,13326.833872410614,true
3e-06,market,8578.65575002372,81250.0,true,8515.008125840923,81250.0,true
3e-06,twap,8578.65575002372,8757.396449704142,true,8515.008125840923,8689.984044014454,true
3e-06,vwap,8578.65575002372,8947.87347505296,true,8515.008125840923,8903.913118876655,true
3e-06,pov_0.1,8578.65575002372,13851.517130542774,true,8515.008125840923,13826.743744403848,true
1e-05,market,12329.031691419397,81250.0,true,12267.127619250441,81250.0,true
1e-05,twap,12329.031691419397,13934.911242603552,true,12267.127619250441,13864.742581111524,true
1e-05,vwap,12329.031691419397,13862.770399590912,true,12267.127619250441,13818.177473934378,true
1e-05,pov_0.1,12329.031691419397,15604.387902695596,true,12267.127619250441,15576.428296380165,true
3e-05,market,19271.594859210247,81250.0,true,19210.676016618716,81250.0,true
3e-05,twap,19271.594859210247,28727.81065088758,true,19210.676016618716,28649.766972817444,true
3e-05,vwap,19271.594859210247,27905.333041127917,true,19210.676016618716,27858.932774099296,true
3e-05,pov_0.1,19271.594859210247,20612.590108846518,true,19210.676016618716,20575.5270163125,true
0.0001,market,31304.619095442773,81250.0,true,31254.807726325846,81250.0,true
0.0001,twap,31304.619095442773,80502.95857988167,true,31254.807726325846,80397.35234378814,true
0.0001,vwap,31304.619095442773,77054.30228650743,true,31254.807726325846,77001.57632467653,true
0.0001,pov_0.1,31304.619095442773,38141.29783037475,true,31254.807726325846,38072.37253607567,true
