policy,lambda_ac,E_cf,V_cf,sd_cf,E_mc,E_mc_se,V_mc,completion,paths
ac_1e-08,1e-08,6538.463751078169,739202361.8498234,27188.27618385953,6472.248855629262,135.90506508078337,738807468.5844785,1.0,40000
ac_1e-07,1e-07,6538.681274764231,735241782.07618,27115.342189914918,6472.612331568133,135.53935842775348,734836707.3202813,1.0,40000
ac_1e-06,1e-06,6558.996547653731,697786738.6869754,26415.65328904389,6494.351861048284,132.03116811120827,697289174.1124055,0.9999999999999998,40000
ac_3e-06,3e-06,6698.868091641758,626595886.1273206,25031.897373697437,6637.178455909383,125.09428677107054,625943223.3105134,1.0,40000
ac_1e-05,1e-05,7709.794226790202,461923746.46291953,21492.41136920005,7656.683740368465,107.35972101866201,461044387.8881976,1.0,40000
ac_3e-05,3e-05,11191.437296394637,269338585.427187,16411.53817980469,11154.167034602779,81.93752183836952,268550299.4005313,1.0,40000
ac_0.0001,0.0001,19479.600308085246,118250187.87357527,10874.290223898535,19463.56014760649,54.29375557722857,117912475.78719355,1.0,40000
market,,81250.0,0.0,0.0,81250.0,0.0,0.0,1.0,40000
twap,,6538.461538461537,739644970.4142014,27196.414661021063,6472.2303852585665,135.94587338213836,739251219.5852958,0.9999999999999998,40000
vwap,,6841.48907882241,702128132.0768502,26497.700505456134,6797.799823851916,132.47997631795587,702037765.0082461,0.9999999999999998,40000
pov_0.1,,13100.286799620135,250410110.30754614,15824.351813187994,13076.878936413998,79.04981593852966,249954935.99661672,1.0,40000
