latency,cap,policy,world,Q_frac_adv,IS_bps_mean,IS_bps_ci95,IS_bps_sd_paths,completion,slippage_vwap_bps,seeds,paths_per_seed
0,0.05,market,"latency=0,cap=0.05",0.02,26.811362814957356,0.42549386371382164,54.14733175372656,1.0,26.67219410548778,20,2000
0,0.05,twap,"latency=0,cap=0.05",0.02,16.87907481779539,1.193045036514302,108.76591067432398,0.9999998348985472,15.973295501627627,20,2000
0,0.05,vwap,"latency=0,cap=0.05",0.02,17.22175435723186,1.1644217515232616,105.98469155653,0.9999852489844221,16.343693400772466,20,2000
0,0.05,pov_0.1,"latency=0,cap=0.05",0.02,26.811362814957356,0.4254938637138216,54.14733175372656,1.0,26.672194105487925,20,2000
0,0.05,ac_1e-06,"latency=0,cap=0.05",0.02,16.892142871870984,1.1627969585712377,106.5322468937452,0.9999999221247544,16.01214192046566,20,2000
0,0.1,market,"latency=0,cap=0.1",0.02,37.88012004677956,0.17923719284192902,28.751632597563923,1.0,38.041001336118185,20,2000
0,0.1,twap,"latency=0,cap=0.1",0.02,16.877184518457803,1.1927485182553732,108.75537646194346,1.0,15.971557854205532,20,2000
0,0.1,vwap,"latency=0,cap=0.1",0.02,17.221316208481703,1.1645400693697665,105.9828813974045,1.0,16.34346043268794,20,2000
0,0.1,pov_0.1,"latency=0,cap=0.1",0.02,37.88012004677956,0.17923719284192927,28.751632597563923,1.0,38.04100133611829,20,2000
0,0.1,ac_1e-06,"latency=0,cap=0.1",0.02,16.890521818655635,1.1625221098619087,106.52258734627549,1.0,16.010647970281212,20,2000
0,0.2,market,"latency=0,cap=0.2",0.02,49.886163630566664,0.10619310629178373,10.338658981613268,1.0,50.1804388535974,20,2000
0,0.2,twap,"latency=0,cap=0.2",0.02,16.877184518457803,1.1927485182553732,108.75537646194346,1.0,15.971557854205532,20,2000
0,0.2,vwap,"latency=0,cap=0.2",0.02,17.221316208481703,1.1645400693697665,105.9828813974045,1.0,16.34346043268794,20,2000
0,0.2,pov_0.1,"latency=0,cap=0.2",0.02,37.88012004677956,0.17923719284192927,28.751632597563923,1.0,38.04100133611829,20,2000
0,0.2,ac_1e-06,"latency=0,cap=0.2",0.02,16.890521818655635,1.1625221098619087,106.52258734627549,1.0,16.010647970281212,20,2000
1,0.05,market,"latency=1,cap=0.05",0.02,24.91500184581531,0.7337829574856742,82.11585610143315,1.0,24.452999881653625,20,2000
1,0.05,twap,"latency=1,cap=0.05",0.02,15.692149832203587,1.3670553096668105,122.12037859913418,0.9230767579754705,15.849526695093056,20,2000
1,0.05,vwap,"latency=1,cap=0.05",0.02,15.295587181955534,1.3322184516630786,119.63720304710917,0.8929888334713969,15.969892964517125,20,2000
1,0.05,pov_0.1,"latency=1,cap=0.05",0.02,24.91500184581531,0.7337829574856745,82.11585610143315,1.0,24.45299988165377,20,2000
1,0.05,ac_1e-06,"latency=1,cap=0.05",0.02,15.78010061096612,1.337448093659221,120.13216212603814,0.9265658904173423,15.909281423768451,20,2000
1,0.1,market,"latency=1,cap=0.1",0.02,35.37060711925177,0.48319522409056603,64.75579909924208,1.0,35.21668992423734,20,2000
1,0.1,twap,"latency=1,cap=0.1",0.02,15.690260773619153,1.3667301573838682,122.10944879922424,0.9230769230769231,15.847643961460037,20,2000
1,0.1,vwap,"latency=1,cap=0.1",0.02,15.294994078272314,1.3321981753881904,119.6318395626545,0.8929914529914529,15.969369522965053,20,2000
1,0.1,pov_0.1,"latency=1,cap=0.1",0.02,35.37060711925177,0.48319522409056603,64.75579909924208,1.0,35.216689924237485,20,2000
1,0.1,ac_1e-06,"latency=1,cap=0.1",0.02,15.778315325030027,1.3371072824244123,120.1208026563241,0.9265659713651144,15.907508396740937,20,2000
1,0.2,market,"latency=1,cap=0.2",0.02,47.29322794438543,0.3582507112526593,57.06272809344099,1.0,47.285864433853135,20,2000
1,0.2,twap,"latency=1,cap=0.2",0.02,15.690260773619153,1.3667301573838682,122.10944879922424,0.9230769230769231,15.847643961460037,20,2000
1,0.2,vwap,"latency=1,cap=0.2",0.02,15.294994078272314,1.3321981753881904,119.6318395626545,0.8929914529914529,15.969369522965053,20,2000
1,0.2,pov_0.1,"latency=1,cap=0.2",0.02,35.37060711925177,0.48319522409056603,64.75579909924208,1.0,35.216689924237485,20,2000
1,0.2,ac_1e-06,"latency=1,cap=0.2",0.02,15.778315325030027,1.3371072824244123,120.1208026563241,0.9265659713651144,15.907508396740937,20,2000
2,0.05,market,"latency=2,cap=0.05",0.02,23.58040035364086,1.0338731700052257,102.72542670119762,1.0,22.843416604451594,20,2000
2,0.05,twap,"latency=2,cap=0.05",0.02,14.511225007378252,1.543559011670233,134.11783986178418,0.8461536810523939,15.736387450807602,20,2000
2,0.05,vwap,"latency=2,cap=0.05",0.02,13.751248407678565,1.5078004466845536,131.79663753397992,0.801025348710852,15.708334091959909,20,2000
2,0.05,pov_0.1,"latency=2,cap=0.05",0.02,23.58040035364086,1.0338731700052257,102.72542670119762,1.0,22.84341660445174,20,2000
2,0.05,ac_1e-06,"latency=2,cap=0.05",0.02,14.671513438261462,1.516208467457843,132.31634371317313,0.8530089545680773,15.820884255326831,20,2000
2,0.1,market,"latency=2,cap=0.1",0.02,33.259235173719865,0.7401790713707644,87.29569227734547,1.0,32.82251144528824,20,2000
2,0.1,twap,"latency=2,cap=0.1",0.02,14.50934590972707,1.5432274974633793,134.10645361224616,0.8461538461538465,15.734341869051018,20,2000
2,0.1,vwap,"latency=2,cap=0.1",0.02,13.751186932010285,1.5075718627237227,131.78364573192817,0.8010256410256409,15.708491293050846,20,2000
2,0.1,pov_0.1,"latency=2,cap=0.1",0.02,33.259235173719865,0.740179071370764,87.29569227734547,1.0,32.8225114452884,20,2000
2,0.1,ac_1e-06,"latency=2,cap=0.1",0.02,14.66959347554309,1.5158130947124269,132.30266234464312,0.8530090416660452,15.818823576451816,20,2000
2,0.2,market,"latency=2,cap=0.2",0.02,44.76747864513904,0.6322912125604319,80.37457693092026,1.0,44.480925752677756,20,2000
2,0.2,twap,"latency=2,cap=0.2",0.02,14.50934590972707,1.5432274974633793,134.10645361224616,0.8461538461538465,15.734341869051018,20,2000
2,0.2,vwap,"latency=2,cap=0.2",0.02,13.751186932010285,1.5075718627237227,131.78364573192817,0.8010256410256409,15.708491293050846,20,2000
2,0.2,pov_0.1,"latency=2,cap=0.2",0.02,33.259235173719865,0.740179071370764,87.29569227734547,1.0,32.8225114452884,20,2000
2,0.2,ac_1e-06,"latency=2,cap=0.2",0.02,14.66959347554309,1.5158130947124269,132.30266234464312,0.8530090416660452,15.818823576451816,20,2000
