world,Q_frac_adv,policy,IS_bps_mean,IS_bps_ci95,IS_bps_sd_paths,completion,slippage_vwap_bps,seeds,paths_per_seed
sqrt+U+noise+cap,0.005,market,28.476872301560224,0.006490272378881066,0.5251010740223825,1.0,28.794578029530328,20,2000
sqrt+U+noise+cap,0.005,twap,9.806116706591984,1.1927485182553732,108.75537646194346,1.0,8.899560714923968,20,2000
sqrt+U+noise+cap,0.005,vwap,10.02327085644902,1.1645400693697667,105.9828813974045,1.0,9.144469064994922,20,2000
sqrt+U+noise+cap,0.005,pov_0.1,28.476872301560224,0.006490272378881066,0.5251010740223825,1.0,28.794578029530328,20,2000
sqrt+U+noise+cap,0.005,ac_1e-06,9.809524050760986,1.1774160280482697,107.62237107449425,1.0,8.916017614860523,20,2000
sqrt+U+noise+cap,0.02,market,37.88012004677956,0.17923719284192902,28.751632597563923,1.0,38.041001336118185,20,2000
sqrt+U+noise+cap,0.02,twap,16.877184518457803,1.1927485182553732,108.75537646194346,1.0,15.971557854205532,20,2000
sqrt+U+noise+cap,0.02,vwap,17.221316208481703,1.1645400693697665,105.9828813974045,1.0,16.34346043268794,20,2000
sqrt+U+noise+cap,0.02,pov_0.1,37.88012004677956,0.17923719284192927,28.751632597563923,1.0,38.04100133611829,20,2000
sqrt+U+noise+cap,0.02,ac_1e-06,16.890521818655635,1.1625221098619087,106.52258734627549,1.0,16.010647970281212,20,2000
sqrt+U+noise+cap,0.1,market,34.45253696278744,1.2181475668190564,106.66158243166183,0.9651939511502329,34.7189233615604,20,2000
sqrt+U+noise+cap,0.1,twap,31.984744473185657,1.3274129429046113,116.43069194824,0.9274855961398224,33.385201916509445,20,2000
sqrt+U+noise+cap,0.1,vwap,32.91001733231063,1.2604745110667779,111.46864291646321,0.9447782709132841,33.81656835840545,20,2000
sqrt+U+noise+cap,0.1,pov_0.1,34.45253696278744,1.2181475668190567,106.66158243166183,0.9651939511502329,34.71892336156042,20,2000
sqrt+U+noise+cap,0.1,ac_1e-06,32.878186921652244,1.2839089242280688,112.80257412133975,0.945273750743531,33.748942496029336,20,2000
