sensitivity,strategy,ce_ann_mean,ce_ann_ci95
gamma_ce=3,CASH,0.0,0.0
gamma_ce=3,EW,-0.003279245978837065,0.04811383333177073
gamma_ce=3,MINVAR,0.011291622947581207,0.045426878336913196
gamma_ce=3,RANK_LS,-0.10455350815003198,0.0278672060437857
gamma_ce=3,MV,0.0039061382260663414,0.011220638476283311
gamma_ce=3,MV_NC,0.0003068105419491172,0.0005189306433705976
gamma_ce=3,CVAR,0.0011125125250664074,0.003595498560342212
gamma_ce=3,ROBUST,0.007400428457891093,0.010462653753605439
gamma_ce=3,MPC,-0.0015197990142567363,0.02066037764383874
gamma_ce=6,CASH,0.0,0.0
gamma_ce=6,EW,-0.07892253486050048,0.049019245637986854
gamma_ce=6,MINVAR,-0.04859335020537772,0.045978642597122935
gamma_ce=6,RANK_LS,-0.12767572761947907,0.027780289313075794
gamma_ce=6,MV,0.0011211069948146109,0.010957579346807333
gamma_ce=6,MV_NC,0.00030138734565888294,0.000518147949925821
gamma_ce=6,CVAR,-0.00010699004110663295,0.003637568232621259
gamma_ce=6,ROBUST,0.004471560895044215,0.010101623044153608
gamma_ce=6,MPC,-0.013603707211317467,0.020229038976996027
gamma_ce=12,CASH,0.0,0.0
gamma_ce=12,EW,-0.23020911262382732,0.051690882123849466
gamma_ce=12,MINVAR,-0.16836329651129558,0.04789694496845969
gamma_ce=12,RANK_LS,-0.17392016655837328,0.027824327811484206
gamma_ce=12,MV,-0.00444895546768885,0.01056142344564744
gamma_ce=12,MV_NC,0.00029054095307841447,0.0005165911963144897
gamma_ce=12,CVAR,-0.0025459951734527132,0.00400510521433915
gamma_ce=12,ROBUST,-0.0013861742306495413,0.009662967072233516
gamma_ce=12,MPC,-0.03777152360543893,0.020035386232394786
cost_x0.5,CASH,0.0,0.0
cost_x0.5,CVAR,7.113108856657512e-05,0.003628720446001458
cost_x0.5,EW,-0.07828282430114035,0.049014081349354637
cost_x0.5,MINVAR,-0.04632566847571998,0.04597588007937141
cost_x0.5,MPC,0.003553696154271132,0.021497235397942367
cost_x0.5,MV,0.008170737502762992,0.01179728894755699
cost_x0.5,MV_NC,0.0005986832403035619,0.0005525221301393742
cost_x0.5,RANK_LS,-0.05683249624327654,0.02825256428050038
cost_x0.5,ROBUST,0.009889464892301643,0.01094478710039391
cost_x2,CASH,0.0,0.0
cost_x2,CVAR,-0.0004738330232817414,0.0036830971936509986
cost_x2,EW,-0.08020047418749675,0.04902958082118187
cost_x2,MINVAR,-0.05311552453676558,0.045986179177657446
cost_x2,MPC,-0.04834531063748307,0.01922551991250016
cost_x2,MV,-0.013066175308904126,0.009996468369611678
cost_x2,MV_NC,-0.0002919496151338098,0.0004599725131102651
cost_x2,RANK_LS,-0.2537654506575937,0.02763709772414284
cost_x2,ROBUST,-0.006477778569471557,0.009221821227541371
stress,CASH,0.0,0.0
stress,CVAR,-0.006904794880015664,0.006559903647898387
stress,EW,-0.11874312216622344,0.05179948163482328
stress,MINVAR,-0.08325290825752402,0.049765907525628844
stress,MPC,-0.01835992335855244,0.019428038692848506
stress,MV,0.000882709686635673,0.01094724820476572
stress,MV_NC,0.0002313652290342727,0.0005061262889509849
stress,RANK_LS,-0.1709789244444718,0.034464039569417265
stress,ROBUST,0.004361282616240609,0.009637254690452148
