ts_decision,strategy_id,forecast_id,oracle,risk_model,solver_status,objective,n_trades,turnover,wall_solve_ms,hold
2018-05-22T21:00:00Z,MV,plain,false,lw,optimal,0.0006940358046352064,7,0.4134759853795081,0.0,false
2018-05-29T21:00:00Z,MV,plain,false,lw,optimal,0.00037138175131717796,8,0.3585315167529545,0.0,false
2018-06-05T21:00:00Z,MV,plain,false,lw,optimal,0.001545291736324569,8,0.3482431099773671,0.0,false
2018-06-12T21:00:00Z,MV,plain,false,lw,optimal,0.0007843434071701722,7,0.05056064623742948,0.0,false
2018-06-19T21:00:00Z,MV,plain,false,lw,optimal,5.535210492725788e-05,6,0.19187369933108528,0.0,false
2018-06-26T21:00:00Z,MV,plain,false,lw,optimal,-8.839463612460967e-05,7,0.19704564639883365,0.0,false
2018-07-03T21:00:00Z,MV,plain,false,lw,optimal,0.00033461398534854065,7,0.11637460089212136,0.0,false
2018-07-10T21:00:00Z,MV,plain,false,lw,optimal,0.00015763668534292394,7,0.15464902425085292,0.0,false
2018-07-17T21:00:00Z,MV,plain,false,lw,optimal,9.745237530868862e-05,6,0.17003538140259108,0.0,false
2018-07-24T21:00:00Z,MV,plain,false,lw,optimal,0.000327946155711991,5,0.07696400653125175,0.0,false
