ts_event,cash,position_value,equity,hold_pnl,trade_pnl,spread_cost,impact_cost,commission,borrow,financing,income
2018-01-02T21:00:00Z,10000000.0,0.0,10000000.0,0.0,0.0,0.0,0.0,0.0,0.0,0.0,0.0
2018-01-03T21:00:00Z,10000000.0,0.0,10000000.0,0.0,0.0,0.0,0.0,0.0,0.0,0.0,0.0
2018-01-04T21:00:00Z,10000000.0,0.0,10000000.0,0.0,0.0,0.0,0.0,0.0,0.0,0.0,0.0
2018-01-05T21:00:00Z,10000000.0,0.0,10000000.0,0.0,0.0,0.0,0.0,0.0,0.0,0.0,0.0
2018-01-08T21:00:00Z,10000000.0,0.0,10000000.0,0.0,0.0,0.0,0.0,0.0,0.0,0.0,0.0
2018-01-09T21:00:00Z,10000000.0,0.0,10000000.0,0.0,0.0,0.0,0.0,0.0,0.0,0.0,0.0
2018-01-10T21:00:00Z,10000000.0,0.0,10000000.0,0.0,0.0,0.0,0.0,0.0,0.0,0.0,0.0
2018-01-11T21:00:00Z,10000000.0,0.0,10000000.0,0.0,0.0,0.0,0.0,0.0,0.0,0.0,0.0
2018-01-12T21:00:00Z,10000000.0,0.0,10000000.0,0.0,0.0,0.0,0.0,0.0,0.0,0.0,0.0
2018-01-15T21:00:00Z,10000000.0,0.0,10000000.0,0.0,0.0,0.0,0.0,0.0,0.0,0.0,0.0
2018-01-16T21:00:00Z,10000000.0,0.0,10000000.0,0.0,0.0,0.0,0.0,0.0,0.0,0.0,0.0
2018-01-17T21:00:00Z,10000000.0,0.0,10000000.0,0.0,0.0,0.0,0.0,0.0,0.0,0.0,0.0
2018-01-18T21:00:00Z,10000000.0,0.0,10000000.0,0.0,0.0,0.0,0.0,0.0,0.0,0.0,0.0
2018-01-19T21:00:00Z,10000000.0,0.0,10000000.0,0.0,0.0,0.0,0.0,0.0,0.0,0.0,0.0
2018-01-22T21:00:00Z,10000000.0,0.0,10000000.0,0.0,0.0,0.0,0.0,0.0,0.0,0.0,0.0
2018-01-23T21:00:00Z,10000000.0,0.0,10000000.0,0.0,0.0,0.0,0.0,0.0,0.0,0.0,0.0
2018-01-24T21:00:00Z,10000000.0,0.0,10000000.0,0.0,0.0,0.0,0.0,0.0,0.0,0.0,0.0
2018-01-25T21:00:00Z,10000000.0,0.0,10000000.0,0.0,0.0,0.0,0.0,0.0,0.0,0.0,0.0
2018-01-26T21:00:00Z,10000000.0,0.0,10000000.0,0.0,0.0,0.0,0.0,0.0,0.0,0.0,0.0
2018-01-29T21:00:00Z,10000000.0,0.0,10000000.0,0.0,0.0,0.0,0.0,0.0,0.0,0.0,0.0
2018-01-30T21:00:00Z,10000000.0,0.0,10000000.0,0.0,0.0,0.0,0.0,0.0,0.0,0.0,0.0
2018-01-31T21:00:00Z,10000000.0,0.0,10000000.0,0.0,0.0,0.0,0.0,0.0,0.0,0.0,0.0
2018-02-01T21:00:00Z,10000000.0,0.0,10000000.0,0.0,0.0,0.0,0.0,0.0,0.0,0.0,0.0
2018-02-02T21:00:00Z,10000000.0,0.0,10000000.0,0.0,0.0,0.0,0.0,0.0,0.0,0.0,0.0
2018-02-05T21:00:00Z,10000000.0,0.0,10000000.0,0.0,0.0,0.0,0.0,0.0,0.0,0.0,0.0
2018-02-06T21:00:00Z,10000000.0,0.0,10000000.0,0.0,0.0,0.0,0.0,0.0,0.0,0.0,0.0
2018-02-07T21:00:00Z,10000000.0,0.0,10000000.0,0.0,0.0,0.0,0.0,0.0,0.0,0.0,0.0
2018-02-08T21:00:00Z,10000000.0,0.0,10000000.0,0.0,0.0,0.0,0.0,0.0,0.0,0.0,0.0
2018-02-09T21:00:00Z,10000000.0,0.0,10000000.0,0.0,0.0,0.0,0.0,0.0,0.0,0.0,0.0
2018-02-12T21:00:00Z,10000000.0,0.0,10000000.0,0.0,0.0,0.0,0.0,0.0,0.0,0.0,0.0
2018-02-13T21:00:00Z,10000000.0,0.0,10000000.0,0.0,0.0,0.0,0.0,0.0,0.0,0.0,0.0
2018-02-14T21:00:00Z,10000000.0,0.0,10000000.0,0.0,0.0,0.0,0.0,0.0,0.0,0.0,0.0
2018-02-15T21:00:00Z,10000000.0,0.0,10000000.0,0.0,0.0,0.0,0.0,0.0,0.0,0.0,0.0
2018-02-16T21:00:00Z,10000000.0,0.0,10000000.0,0.0,0.0,0.0,0.0,0.0,0.0,0.0,0.0
2018-02-19T21:00:00Z,10000000.0,0.0,10000000.0,0.0,0.0,0.0,0.0,0.0,0.0,0.0,0.0
2018-02-20T21:00:00Z,10000000.0,0.0,10000000.0,0.0,0.0,0.0,0.0,0.0,0.0,0.0,0.0
2018-02-21T21:00:00Z,10000000.0,0.0,10000000.0,0.0,0.0,0.0,0.0,0.0,0.0,0.0,0.0
2018-02-22T21:00:00Z,10000000.0,0.0,10000000.0,0.0,0.0,0.0,0.0,0.0,0.0,0.0,0.0
2018-02-23T21:00:00Z,10000000.0,0.0,10000000.0,0.0,0.0,0.0,0.0,0.0,0.0,0.0,0.0
2018-02-26T21:00:00Z,10000000.0,0.0,10000000.0,0.0,0.0,0.0,0.0,0.0,0.0,0.0,0.0
2018-02-27T21:00:00Z,10000000.0,0.0,10000000.0,0.0,0.0,0.0,0.0,0.0,0.0,0.0,0.0
2018-02-28T21:00:00Z,10000000.0,0.0,10000000.0,0.0,0.0,0.0,0.0,0.0,0.0,0.0,0.0
2018-03-01T21:00:00Z,10000000.0,0.0,10000000.0,0.0,0.0,0.0,0.0,0.0,0.0,0.0,0.0
2018-03-02T21:00:00Z,10000000.0,0.0,10000000.0,0.0,0.0,0.0,0.0,0.0,0.0,0.0,0.0
2018-03-05T21:00:00Z,10000000.0,0.0,10000000.0,0.0,0.0,0.0,0.0,0.0,0.0,0.0,0.0
2018-03-06T21:00:00Z,10000000.0,0.0,10000000.0,0.0,0.0,0.0,0.0,0.0,0.0,0.0,0.0
2018-03-07T21:00:00Z,10000000.0,0.0,10000000.0,0.0,0.0,0.0,0.0,0.0,0.0,0.0,0.0
2018-03-08T21:00:00Z,10000000.0,0.0,10000000.0,0.0,0.0,0.0,0.0,0.0,0.0,0.0,0.0
2018-03-09T21:00:00Z,10000000.0,0.0,10000000.0,0.0,0.0,0.0,0.0,0.0,0.0,0.0,0.0
2018-03-12T21:00:00Z,10000000.0,0.0,10000000.0,0.0,0.0,0.0,0.0,0.0,0.0,0.0,0.0
2018-03-13T21:00:00Z,10000000.0,0.0,10000000.0,0.0,0.0,0.0,0.0,0.0,0.0,0.0,0.0
2018-03-14T21:00:00Z,10000000.0,0.0,10000000.0,0.0,0.0,0.0,0.0,0.0,0.0,0.0,0.0
2018-03-15T21:00:00Z,10000000.0,0.0,10000000.0,0.0,0.0,0.0,0.0,0.0,0.0,0.0,0.0
2018-03-16T21:00:00Z,10000000.0,0.0,10000000.0,0.0,0.0,0.0,0.0,0.0,0.0,0.0,0.0
2018-03-19T21:00:00Z,10000000.0,0.0,10000000.0,0.0,0.0,0.0,0.0,0.0,0.0,0.0,0.0
2018-03-20T21:00:00Z,10000000.0,0.0,10000000.0,0.0,0.0,0.0,0.0,0.0,0.0,0.0,0.0
2018-03-21T21:00:00Z,10000000.0,0.0,10000000.0,0.0,0.0,0.0,0.0,0.0,0.0,0.0,0.0
2018-03-22T21:00:00Z,10000000.0,0.0,10000000.0,0.0,0.0,0.0,0.0,0.0,0.0,0.0,0.0
2018-03-23T21:00:00Z,10000000.0,0.0,10000000.0,0.0,0.0,0.0,0.0,0.0,0.0,0.0,0.0
2018-03-26T21:00:00Z,10000000.0,0.0,10000000.0,0.0,0.0,0.0,0.0,0.0,0.0,0.0,0.0
2018-03-27T21:00:00Z,10000000.0,0.0,10000000.0,0.0,0.0,0.0,0.0,0.0,0.0,0.0,0.0
2018-03-28T21:00:00Z,10000000.0,0.0,10000000.0,0.0,0.0,0.0,0.0,0.0,0.0,0.0,0.0
2018-03-29T21:00:00Z,10000000.0,0.0,10000000.0,0.0,0.0,0.0,0.0,0.0,0.0,0.0,0.0
2018-03-30T21:00:00Z,10000000.0,0.0,10000000.0,0.0,0.0,0.0,0.0,0.0,0.0,0.0,0.0
2018-04-02T21:00:00Z,10000000.0,0.0,10000000.0,0.0,0.0,0.0,0.0,0.0,0.0,0.0,0.0
2018-04-03T21:00:00Z,10000000.0,0.0,10000000.0,0.0,0.0,0.0,0.0,0.0,0.0,0.0,0.0
2018-04-04T21:00:00Z,10000000.0,0.0,10000000.0,0.0,0.0,0.0,0.0,0.0,0.0,0.0,0.0
2018-04-05T21:00:00Z,10000000.0,0.0,10000000.0,0.0,0.0,0.0,0.0,0.0,0.0,0.0,0.0
2018-04-06T21:00:00Z,10000000.0,0.0,10000000.0,0.0,0.0,0.0,0.0,0.0,0.0,0.0,0.0
2018-04-09T21:00:00Z,10000000.0,0.0,10000000.0,0.0,0.0,0.0,0.0,0.0,0.0,0.0,0.0
2018-04-10T21:00:00Z,10000000.0,0.0,10000000.0,0.0,0.0,0.0,0.0,0.0,0.0,0.0,0.0
2018-04-11T21:00:00Z,10000000.0,0.0,10000000.0,0.0,0.0,0.0,0.0,0.0,0.0,0.0,0.0
2018-04-12T21:00:00Z,10000000.0,0.0,10000000.0,0.0,0.0,0.0,0.0,0.0,0.0,0.0,0.0
2018-04-13T21:00:00Z,10000000.0,0.0,10000000.0,0.0,0.0,0.0,0.0,0.0,0.0,0.0,0.0
2018-04-16T21:00:00Z,10000000.0,0.0,10000000.0,0.0,0.0,0.0,0.0,0.0,0.0,0.0,0.0
2018-04-17T21:00:00Z,10000000.0,0.0,10000000.0,0.0,0.0,0.0,0.0,0.0,0.0,0.0,0.0
2018-04-18T21:00:00Z,10000000.0,0.0,10000000.0,0.0,0.0,0.0,0.0,0.0,0.0,0.0,0.0
2018-04-19T21:00:00Z,10000000.0,0.0,10000000.0,0.0,0.0,0.0,0.0,0.0,0.0,0.0,0.0
2018-04-20T21:00:00Z,10000000.0,0.0,10000000.0,0.0,0.0,0.0,0.0,0.0,0.0,0.0,0.0
2018-04-23T21:00:00Z,10000000.0,0.0,10000000.0,0.0,0.0,0.0,0.0,0.0,0.0,0.0,0.0
2018-04-24T21:00:00Z,10000000.0,0.0,10000000.0,0.0,0.0,0.0,0.0,0.0,0.0,0.0,0.0
2018-04-25T21:00:00Z,10000000.0,0.0,10000000.0,0.0,0.0,0.0,0.0,0.0,0.0,0.0,0.0
2018-04-26T21:00:00Z,10000000.0,0.0,10000000.0,0.0,0.0,0.0,0.0,0.0,0.0,0.0,0.0
2018-04-27T21:00:00Z,10000000.0,0.0,10000000.0,0.0,0.0,0.0,0.0,0.0,0.0,0.0,0.0
2018-04-30T21:00:00Z,10000000.0,0.0,10000000.0,0.0,0.0,0.0,0.0,0.0,0.0,0.0,0.0
2018-05-01T21:00:00Z,10000000.0,0.0,10000000.0,0.0,0.0,0.0,0.0,0.0,0.0,0.0,0.0
2018-05-02T21:00:00Z,10000000.0,0.0,10000000.0,0.0,0.0,0.0,0.0,0.0,0.0,0.0,0.0
2018-05-03T21:00:00Z,10000000.0,0.0,10000000.0,0.0,0.0,0.0,0.0,0.0,0.0,0.0,0.0
2018-05-04T21:00:00Z,10000000.0,0.0,10000000.0,0.0,0.0,0.0,0.0,0.0,0.0,0.0,0.0
2018-05-07T21:00:00Z,10000000.0,0.0,10000000.0,0.0,0.0,0.0,0.0,0.0,0.0,0.0,0.0
2018-05-08T21:00:00Z,10000000.0,0.0,10000000.0,0.0,0.0,0.0,0.0,0.0,0.0,0.0,0.0
2018-05-09T21:00:00Z,10000000.0,0.0,10000000.0,0.0,0.0,0.0,0.0,0.0,0.0,0.0,0.0
2018-05-10T21:00:00Z,10000000.0,0.0,10000000.0,0.0,0.0,0.0,0.0,0.0,0.0,0.0,0.0
2018-05-11T21:00:00Z,10000000.0,0.0,10000000.0,0.0,0.0,0.0,0.0,0.0,0.0,0.0,0.0
2018-05-14T21:00:00Z,10000000.0,0.0,10000000.0,0.0,0.0,0.0,0.0,0.0,0.0,0.0,0.0
2018-05-15T21:00:00Z,10000000.0,0.0,10000000.0,0.0,0.0,0.0,0.0,0.0,0.0,0.0,0.0
2018-05-16T21:00:00Z,10000000.0,0.0,10000000.0,0.0,0.0,0.0,0.0,0.0,0.0,0.0,0.0
2018-05-17T21:00:00Z,10000000.0,0.0,10000000.0,0.0,0.0,0.0,0.0,0.0,0.0,0.0,0.0
2018-05-18T21:00:00Z,10000000.0,0.0,10000000.0,0.0,0.0,0.0,0.0,0.0,0.0,0.0,0.0
2018-05-21T21:00:00Z,10000000.0,0.0,10000000.0,0.0,0.0,0.0,0.0,0.0,0.0,0.0,0.0
2018-05-22T21:00:00Z,10000000.0,0.0,10000000.0,0.0,0.0,0.0,0.0,0.0,0.0,0.0,0.0
2018-05-23T21:00:00Z,9800886.577199232,226245.7496290747,10027132.326828307,0.0,32118.25748685506,822.3608436168996,3752.3893931240145,411.1804218084498,0.0,0.0,0.0
2018-05-24T21:00:00Z,9800859.635088272,201637.23998003686,10002496.875068309,-24608.509649038144,0.0,0.0,0.0,0.0,26.942110959268035,0.0,0.0
2018-05-25T21:00:00Z,9800833.074106118,168794.05822374672,9969627.132329864,-32843.18175628996,0.0,0.0,0.0,0.0,26.560982154080637,0.0,0.0
2018-05-28T21:00:00Z,9800751.990443239,158900.40388517734,9959652.394328415,-9893.65433856965,0.0,0.0,0.0,0.0,81.08366287822301,0.0,0.0
2018-05-29T21:00:00Z,9800724.933541663,169374.49072961416,9970099.424271278,10474.086844437403,0.0,0.0,0.0,0.0,27.056901576171217,0.0,0.0
2018-05-30T21:00:00Z,9761517.947468024,248718.67446878925,10010236.621936813,8043.095594985258,36666.663909025345,709.4420843301393,3481.4232898480604,354.72104216506966,26.975422130586555,0.0,0.0
2018-05-31T21:00:00Z,9761485.588047232,257414.2735858676,10018899.8616331,8695.599117078424,0.0,0.0,0.0,0.0,32.359420791936095,0.0,0.0
2018-06-01T21:00:00Z,9761453.207546353,264935.86698110565,10026389.07452746,7521.593395237685,0.0,0.0,0.0,0.0,32.38050087876768,0.0,0.0
2018-06-04T21:00:00Z,9761355.508363271,277525.81929287943,10038881.32765615,12589.952311773757,0.0,0.0,0.0,0.0,97.69918308229036,0.0,0.0
2018-06-05T21:00:00Z,9761322.898216505,208523.29480495513,9969846.19302146,-69002.52448792412,0.0,0.0,0.0,0.0,32.610146766846995,0.0,0.0
2018-06-06T21:00:00Z,9767355.562379777,212644.83864012593,9980000.401019903,-714.9261443912292,16321.242150313185,692.8825824369014,4378.80697866079,346.4412912184507,33.97715516196567,0.0,0.0
2018-06-07T21:00:00Z,9767317.283144517,186998.2130850854,9954315.496229602,-25646.62555504073,0.0,0.0,0.0,0.0,38.27923525980832,0.0,0.0
2018-06-08T21:00:00Z,9318224.786322355,669552.076877912,9987776.863200268,68358.31926781846,-34858.50458405163,0.0,0.0,0.0,38.44771310127081,0.0,0.0
2018-06-11T21:00:00Z,9314566.193535829,696106.1100724703,10010672.303608298,26554.0331945582,0.0,0.0,0.0,0.0,94.08132919994046,0.0,-3564.511457326451
2018-06-12T21:00:00Z,9314534.40553423,706833.0503875057,10021367.455921736,10726.940315035408,0.0,0.0,0.0,0.0,31.78800159828875,0.0,0.0
2018-06-13T21:00:00Z,9824298.388619924,177725.95478757797,10002024.343407502,-23772.993825127254,5046.587179815008,102.1218684064052,432.05489856217685,51.0609342032026,31.468167749799893,0.0,0.0
2018-06-14T21:00:00Z,9824260.128188143,51279.86484388006,9875539.993032023,-126446.089943698,0.0,0.0,0.0,0.0,38.26043178181998,0.0,0.0
2018-06-15T21:00:00Z,9824221.41330197,15969.417882908601,9840190.831184879,-35310.44696097127,0.0,0.0,0.0,0.0,38.71488617107778,0.0,0.0
2018-06-18T21:00:00Z,9824105.701086553,24539.98547744518,9848645.686563998,8570.567594536074,0.0,0.0,0.0,0.0,115.71221541801742,0.0,0.0
2018-06-19T21:00:00Z,9824066.796651538,40735.2849868699,9864802.081638409,16195.299509424967,0.0,0.0,0.0,0.0,38.904435013785054,0.0,0.0
2018-06-20T21:00:00Z,9784120.797926582,95516.70781070867,9879637.505737292,40878.25434685969,-23770.94911594417,380.94424904908954,1661.7433293381973,190.47212452454477,38.72142912110554,0.0,0.0
2018-06-21T21:00:00Z,9784093.697072612,88166.76715315063,9872260.464225763,-7349.940657557932,0.0,0.0,0.0,0.0,27.10085397066264,0.0,0.0
2018-06-22T21:00:00Z,9784066.475880794,76329.1579134356,9860395.63379423,-11837.609239714991,0.0,0.0,0.0,0.0,27.221191818010475,0.0,0.0
2018-06-25T21:00:00Z,9783986.523006277,105012.89746198384,9888999.420468261,28683.73954854821,0.0,0.0,0.0,0.0,79.9528745163068,0.0,0.0
2018-06-26T21:00:00Z,9783960.166269919,83239.5377975346,9867199.704067454,-21773.359664449177,0.0,0.0,0.0,0.0,26.356736358804472,0.0,0.0
2018-06-27T21:00:00Z,10014837.088975394,-155882.20484815678,9858954.884127237,126.57197900384199,-6190.862263211486,390.17416406486257,1568.6350980534257,195.08708203243128,26.63331185863398,0.0,0.0
2018-06-28T21:00:00Z,10014812.878575692,-182309.75798276148,9832503.120592931,-26427.553134604685,0.0,0.0,0.0,0.0,24.21039970199113,0.0,0.0
2018-06-29T21:00:00Z,10014788.384140147,-182362.27243467374,9832426.111705473,-52.514451912149525,0.0,0.0,0.0,0.0,24.49443554591857,0.0,0.0
2018-07-02T21:00:00Z,10014715.287461385,-198650.46669868927,9816064.820762696,-16288.194264015521,0.0,0.0,0.0,0.0,73.09667876128192,0.0,0.0
2018-07-03T21:00:00Z,10014691.044640763,-203392.06225984113,9811298.982380921,-4741.5955611518075,0.0,0.0,0.0,0.0,24.242820621685073,0.0,0.0
2018-07-04T21:00:00Z,10006935.13901083,-210596.33476713044,9796338.804243699,-13169.704531122916,-661.3072814817933,228.258129656756,762.8900158632896,114.129064828378,23.889114269544255,0.0,0.0
2018-07-05T21:00:00Z,10006908.932785057,-213573.877074891,9793335.055710165,-2977.5423077606065,0.0,0.0,0.0,0.0,26.206225772928615,0.0,0.0
2018-07-06T21:00:00Z,10006882.996569758,-209613.70976928878,9797269.28680047,3960.1673056022405,0.0,0.0,0.0,0.0,25.936215298287554,0.0,0.0
2018-07-09T21:00:00Z,10006805.233293613,-236862.31374178827,9769942.919551825,-27248.603972499433,0.0,0.0,0.0,0.0,77.76327614456224,0.0,0.0
2018-07-10T21:00:00Z,10006779.267160898,-243720.35024937766,9763058.91691152,-6858.036507589237,0.0,0.0,0.0,0.0,25.966132716004857,0.0,0.0
2018-07-11T21:00:00Z,9956454.212700311,-175809.37007707532,9780644.842623236,23094.19031174236,-2867.4622967962387,301.7619530750096,949.3144889500032,150.8809765375048,26.320639897893464,0.0,-1212.5242447698865
2018-07-12T21:00:00Z,9956430.48648655,-198170.79022553697,9758259.696261013,-22361.420148461682,0.0,0.0,0.0,0.0,23.7262137613229,0.0,0.0
2018-07-13T21:00:00Z,9956406.554857,-178079.56639744405,9778326.988459557,20091.223828092756,0.0,0.0,0.0,0.0,23.931629549516902,0.0,0.0
2018-07-16T21:00:00Z,9956336.44217111,-194825.95318166428,9761510.488989446,-16746.386784220125,0.0,0.0,0.0,0.0,70.11268589096241,0.0,0.0
2018-07-17T21:00:00Z,9956312.720354874,-315687.2390151481,9640625.481339725,-120861.2858334838,0.0,0.0,0.0,0.0,23.721816237066403,0.0,0.0
2018-07-18T21:00:00Z,9688469.640355833,56951.032176627894,9745420.672532462,91813.45668713044,11892.15847526411,321.8638929653134,1436.5945026921781,160.9319464826567,25.014089254573534,0.0,3033.9804617357136
2018-07-19T21:00:00Z,9688445.565572223,42192.117686724174,9730637.683258947,-14758.914489903822,0.0,0.0,0.0,0.0,24.07478360975523,0.0,0.0
2018-07-20T21:00:00Z,9688421.354695035,133180.2906873775,9821601.645382412,90988.17300065362,0.0,0.0,0.0,0.0,24.21087718700174,0.0,0.0
2018-07-23T21:00:00Z,9688352.475747207,61022.084132645454,9749374.559879852,-72158.20655473221,0.0,0.0,0.0,0.0,68.87894782738573,0.0,0.0
2018-07-24T21:00:00Z,9688329.132822428,46884.85779624863,9735213.990618676,-14137.226336396714,0.0,0.0,0.0,0.0,23.342924778955258,0.0,0.0
2018-07-25T21:00:00Z,9772985.589132158,-37758.7130273924,9735226.876104767,-9862.256590752222,10545.10533761958,148.367027094215,423.3623243016474,74.1835135471075,24.050395835519076,0.0,0.0
2018-07-26T21:00:00Z,9772961.849369526,-78153.17663270363,9694808.672736822,-40394.463605311365,0.0,0.0,0.0,0.0,23.739762631813914,0.0,0.0
2018-07-27T21:00:00Z,9772937.85627984,-125077.80762413831,9647860.048655702,-46924.63099143437,0.0,0.0,0.0,0.0,23.993089685917678,0.0,0.0
2018-07-30T21:00:00Z,9772863.606690157,-143821.33059098886,9629042.276099168,-18743.522966850716,0.0,0.0,0.0,0.0,74.2495896838436,0.0,0.0
