fill_id,order_id,ts_fill,instrument_id,quantity,ref_price,price,spread_cost,impact_cost,commission
f0000001,o0000001,2018-05-23T14:30:00Z,I000,24205,30.286214974056044,30.30884474083224,146.6155666894053,401.13793812838264,73.30778334470266
f0000002,o0000002,2018-05-23T14:30:00Z,I001,4433,78.48861217665241,78.57344793026668,69.58800355582002,306.4888922162767,34.79400177791001
f0000003,o0000003,2018-05-23T14:30:00Z,I002,1190,72.10522865684497,72.13662675200717,17.1610444203291,20.20268882269192,8.58052221016455
f0000004,o0000004,2018-05-23T14:30:00Z,I003,6877,143.39723451877077,143.5484244998987,197.22855635711733,842.504943859703,98.61427817855866
f0000005,o0000005,2018-05-23T14:30:00Z,I004,-14506,65.2679463341046,65.22304460150211,189.35536590450425,461.98916722710646,94.67768295225213
f0000006,o0000006,2018-05-23T14:30:00Z,I006,-1431,19.180846827906823,19.165768254179017,5.489558362146933,16.087880642346732,2.7447791810734663
f0000007,o0000007,2018-05-23T14:30:00Z,I007,-51214,19.225480174129792,19.188363357818723,196.92274832757664,1703.9778822275075,98.46137416378832
f0000008,o0000008,2018-05-30T14:30:00Z,I000,5455,31.9854153340374,32.000327250757664,34.8960881294348,46.44841757961053,17.4480440647174
f0000009,o0000009,2018-05-30T14:30:00Z,I001,960,72.06803241132748,72.11229634374213,13.837062222974875,28.65631289508358,6.918531111487438
f0000010,o0000010,2018-05-30T14:30:00Z,I002,-9688,71.05442864704135,70.98473212614829,137.6750609465073,537.5448334655274,68.83753047325365
f0000011,o0000011,2018-05-30T14:30:00Z,I003,-4744,137.02373351467418,136.9046138877561,130.00811835872287,435.0953917405742,65.00405917936143
f0000012,o0000012,2018-05-30T14:30:00Z,I004,37,67.40879999683084,67.42403719537185,0.4988251199765482,0.06495122604112434,0.2494125599882741
f0000013,o0000013,2018-05-30T14:30:00Z,I005,8062,123.50948803554155,123.63929808959693,199.1466985085072,847.3819572861063,99.5733492542536
f0000014,o0000014,2018-05-30T14:30:00Z,I006,-22114,18.896269430298243,18.850526071468543,83.57442043632307,927.9942167236477,41.78721021816153
f0000015,o0000015,2018-05-30T14:30:00Z,I007,30206,18.176158810781416,18.201585647156282,109.80581060769269,658.2372089314692,54.902905303846346
f0000016,o0000016,2018-06-06T14:30:00Z,I000,-190,33.66895347594968,33.66056001784354,1.2794202320860877,0.31533680808060005,0.6397101160430438
f0000017,o0000017,2018-06-06T14:30:00Z,I001,-6376,71.79720602014886,71.70059389202946,91.55579711689383,524.443131772407,45.777898558446914
f0000018,o0000018,2018-06-06T14:30:00Z,I002,22652,70.22823201061385,70.32543798061228,318.161982300885,1883.7476501034184,159.0809911504425
f0000019,o0000019,2018-06-06T14:30:00Z,I003,-5270,141.6855337629925,141.54783758082195,149.33655258619407,576.3223274525907,74.66827629309704
f0000020,o0000020,2018-06-06T14:30:00Z,I004,68,69.01453869100297,69.03114839923649,0.9385977261976405,0.19086243368150005,0.46929886309882024
f0000021,o0000021,2018-06-06T14:30:00Z,I005,8,124.11966922041522,124.14760388318385,0.19859147075266434,0.02488583139636602,0.09929573537633217
f0000022,o0000022,2018-06-06T14:30:00Z,I006,-26684,19.753035245906133,19.699770161292545,105.41799850035187,1315.9075193286462,52.708999250175935
f0000023,o0000023,2018-06-06T14:30:00Z,I007,6626,19.61488266189282,19.630555602948377,25.993642503540368,77.85526493056969,12.996821251770184
f0000024,DELIST,2018-06-08T21:00:00Z,I003,3137,143.14760889673568,143.14760889673568,0.0,0.0,0.0
f0000025,o0000024,2018-06-13T14:30:00Z,I000,-522,34.62825571839698,34.61839758542369,3.615189897000645,1.530755515055635,1.8075949485003224
f0000026,o0000025,2018-06-13T14:30:00Z,I001,-484,69.6242046803336,69.58667032674384,6.739623013056294,11.427004124392614,3.369811506528147
f0000027,o0000026,2018-06-13T14:30:00Z,I002,-22,68.30774472597244,68.29160401631891,0.3005540767942787,0.05454153558341513,0.15027703839713935
f0000028,o0000027,2018-06-13T14:30:00Z,I004,-136,69.8579386388931,69.83959335190316,1.9001359309778922,0.5948230996544598,0.9500679654889461
f0000029,o0000028,2018-06-13T14:30:00Z,I005,-219,125.32416119490206,125.28395492050117,5.48919826033671,3.315975833455181,2.744599130168355
f0000030,o0000029,2018-06-13T14:30:00Z,I006,6,19.054423117558247,19.05892294405353,0.022865307741069898,0.004133651230635458,0.011432653870534949
f0000031,o0000030,2018-06-13T14:30:00Z,I007,-20975,20.036782341000787,20.012983439130785,84.0543019204983,415.12766480280493,42.02715096024915
f0000032,o0000031,2018-06-20T14:30:00Z,I000,-25670,32.744971057015924,32.71703142519422,168.11268140671976,549.0976674562493,84.05634070335988
f0000033,o0000032,2018-06-20T14:30:00Z,I001,-242,69.61457192735101,69.58102806573736,3.3693452812837887,4.748269229220652,1.6846726406418944
f0000034,o0000033,2018-06-20T14:30:00Z,I004,1168,74.21025929697718,74.23887449954458,17.33551657177387,16.08704002694062,8.667758285886935
f0000035,o0000034,2018-06-20T14:30:00Z,I005,-616,123.56076361403335,123.51122379590248,15.222686077248907,15.293841891371832,7.611343038624454
f0000036,o0000035,2018-06-20T14:30:00Z,I006,4058,18.97620450179644,18.996328082199142,15.401087573657987,66.26040170051667,7.700543786828994
f0000037,o0000036,2018-06-20T14:30:00Z,I007,40797,19.793481400397727,19.82220309662961,161.5029321384052,1010.2561090338983,80.7514660692026
f0000038,o0000037,2018-06-27T14:30:00Z,I000,14853,32.82767628061915,32.84974259248126,97.51789515920726,230.23303492880888,48.75894757960363
f0000039,o0000038,2018-06-27T14:30:00Z,I001,-2690,67.7853427026201,67.70404947944459,36.468514374009615,182.2102559680983,18.234257187004808
f0000040,o0000039,2018-06-27T14:30:00Z,I002,-5986,66.20541962433943,66.15511281738388,79.26112837425916,221.8754180616439,39.63056418712958
f0000041,o0000040,2018-06-27T14:30:00Z,I004,144,74.14551401826472,74.16504342907284,2.135390803726024,0.6768443526438968,1.067695401863012
f0000042,o0000041,2018-06-27T14:30:00Z,I005,-4214,121.80740217781837,121.71798964385218,102.65927855546532,274.1251395780687,51.32963927773266
f0000043,o0000042,2018-06-27T14:30:00Z,I006,20027,18.007702310218605,18.044235107929644,72.12805083334959,659.5142889256311,36.064025416674795
f0000044,o0000043,2018-06-27T14:30:00Z,I007,-1,19.529824227757487,19.525802024380962,0.0039059648455514974,0.00011623853097541233,0.0019529824227757487
f0000045,o0000044,2018-07-04T14:30:00Z,I000,-4142,30.433881939860633,30.420183435646738,25.211427798980548,31.527776654981963,12.605713899490274
f0000046,o0000045,2018-07-04T14:30:00Z,I001,19,68.98811858965202,69.00714339413025,0.2621548506406777,0.0993164344457319,0.13107742532033884
f0000047,o0000046,2018-07-04T14:30:00Z,I002,5892,64.71782303919775,64.7648183603671,76.26348266939063,200.6329496603796,38.13174133469531
f0000048,o0000047,2018-07-04T14:30:00Z,I004,198,75.44036913283469,75.46079987950723,2.9874386176602536,1.0578492235040813,1.4937193088301268
f0000049,o0000048,2018-07-04T14:30:00Z,I005,476,115.39050564180286,115.43352473719996,10.985176137099632,9.491913271920753,5.492588068549816
f0000050,o0000049,2018-07-04T14:30:00Z,I006,7323,16.5871135355171,16.608649049358572,24.293486484118347,133.41108137695215,12.146743242059173
f0000051,o0000050,2018-07-04T14:30:00Z,I007,-22209,19.869188864619282,19.84780455680083,88.25496309886593,386.6691292411053,44.127481549432964
f0000052,o0000051,2018-07-11T14:30:00Z,I000,-12183,30.0527925012538,30.033846203636397,73.22663420855501,157.59610966428752,36.613317104277506
f0000053,o0000052,2018-07-11T14:30:00Z,I001,-3718,64.29957039968296,64.21911681249648,47.81316054920425,251.3132766101609,23.906580274602124
f0000054,o0000053,2018-07-11T14:30:00Z,I002,-1991,62.375857058800776,62.34455896586555,24.83806628081447,37.47643675321532,12.419033140407235
f0000055,o0000054,2018-07-11T14:30:00Z,I004,-16,73.34071349858347,73.32466569592216,0.2346902831954671,0.02207455938547521,0.11734514159773354
f0000056,o0000055,2018-07-11T14:30:00Z,I005,3229,113.24109524039635,113.31584856689857,73.13109930624796,168.24739196942275,36.56554965312398
f0000057,o0000056,2018-07-11T14:30:00Z,I006,7158,17.83356969278902,17.855271348146026,25.530538372196762,129.8099106732377,12.765269186098381
f0000058,o0000057,2018-07-11T14:30:00Z,I007,14063,20.261595703191244,20.280214564941588,56.98776407479569,204.84928872029352,28.493882037397846
f0000059,o0000058,2018-07-18T14:30:00Z,I000,-24893,26.922966472445783,26.897353959813177,134.03868087971858,503.533596083701,67.01934043985929
f0000060,o0000059,2018-07-18T14:30:00Z,I001,460,68.37273396204965,68.4173128039622,6.290291524508568,14.215975755264683,3.145145762254284
f0000061,o0000060,2018-07-18T14:30:00Z,I002,454,61.2785672197897,61.29921201236369,5.564093903556905,3.8086419250356043,2.7820469517784523
f0000062,o0000061,2018-07-18T14:30:00Z,I004,4736,74.41345054877247,74.45382598919,70.48442035979728,120.73366545752606,35.24221017989864
f0000063,o0000062,2018-07-18T14:30:00Z,I006,23991,17.168197152724076,17.201977418828896,82.37644357820066,728.0459205425069,41.18822178910033
f0000064,o0000063,2018-07-18T14:30:00Z,I007,6073,19.026809418352908,19.041524825177817,23.109962719531442,66.25670292814387,11.554981359765721
f0000065,o0000064,2018-07-25T14:30:00Z,I001,1,73.59031496438222,73.6067954634177,0.014718062992876443,0.0017624360426030234,0.0073590314964382215
f0000066,o0000065,2018-07-25T14:30:00Z,I002,-6863,60.25985946094077,60.20998509760791,82.71268309608729,259.57507245728743,41.356341548043645
f0000067,o0000066,2018-07-25T14:30:00Z,I005,2042,111.60371933945112,111.67294889427426,45.57895897823184,95.78779197063305,22.78947948911592
f0000068,o0000067,2018-07-25T14:30:00Z,I006,-1,17.36204035527976,17.358364471350022,0.003472408071055952,0.00020347585868415248,0.001736204035527976
f0000069,o0000068,2018-07-25T14:30:00Z,I007,4650,21.56687585895908,21.585812351111908,20.057194548831944,67.9974939618256,10.028597274415972
