order_id,ts_submit,instrument_id,quantity,order_type,limit_price,tif,strategy_id
o0000001,2018-05-22T21:00:00Z,I000,24205,market,,day,MV
o0000002,2018-05-22T21:00:00Z,I001,4433,market,,day,MV
o0000003,2018-05-22T21:00:00Z,I002,1190,market,,day,MV
o0000004,2018-05-22T21:00:00Z,I003,6877,market,,day,MV
o0000005,2018-05-22T21:00:00Z,I004,-14506,market,,day,MV
o0000006,2018-05-22T21:00:00Z,I006,-1431,market,,day,MV
o0000007,2018-05-22T21:00:00Z,I007,-51214,market,,day,MV
o0000008,2018-05-29T21:00:00Z,I000,5455,market,,day,MV
o0000009,2018-05-29T21:00:00Z,I001,960,market,,day,MV
o0000010,2018-05-29T21:00:00Z,I002,-9688,market,,day,MV
o0000011,2018-05-29T21:00:00Z,I003,-4744,market,,day,MV
o0000012,2018-05-29T21:00:00Z,I004,37,market,,day,MV
o0000013,2018-05-29T21:00:00Z,I005,8062,market,,day,MV
o0000014,2018-05-29T21:00:00Z,I006,-22114,market,,day,MV
o0000015,2018-05-29T21:00:00Z,I007,30206,market,,day,MV
o0000016,2018-06-05T21:00:00Z,I000,-190,market,,day,MV
o0000017,2018-06-05T21:00:00Z,I001,-6376,market,,day,MV
o0000018,2018-06-05T21:00:00Z,I002,22652,market,,day,MV
o0000019,2018-06-05T21:00:00Z,I003,-5270,market,,day,MV
o0000020,2018-06-05T21:00:00Z,I004,68,market,,day,MV
o0000021,2018-06-05T21:00:00Z,I005,8,market,,day,MV
o0000022,2018-06-05T21:00:00Z,I006,-26684,market,,day,MV
o0000023,2018-06-05T21:00:00Z,I007,6626,market,,day,MV
o0000024,2018-06-12T21:00:00Z,I000,-522,market,,day,MV
o0000025,2018-06-12T21:00:00Z,I001,-484,market,,day,MV
o0000026,2018-06-12T21:00:00Z,I002,-22,market,,day,MV
o0000027,2018-06-12T21:00:00Z,I004,-136,market,,day,MV
o0000028,2018-06-12T21:00:00Z,I005,-219,market,,day,MV
o0000029,2018-06-12T21:00:00Z,I006,6,market,,day,MV
o0000030,2018-06-12T21:00:00Z,I007,-20975,market,,day,MV
o0000031,2018-06-19T21:00:00Z,I000,-25670,market,,day,MV
o0000032,2018-06-19T21:00:00Z,I001,-242,market,,day,MV
o0000033,2018-06-19T21:00:00Z,I004,1168,market,,day,MV
o0000034,2018-06-19T21:00:00Z,I005,-616,market,,day,MV
o0000035,2018-06-19T21:00:00Z,I006,4058,market,,day,MV
o0000036,2018-06-19T21:00:00Z,I007,40797,market,,day,MV
o0000037,2018-06-26T21:00:00Z,I000,14853,market,,day,MV
o0000038,2018-06-26T21:00:00Z,I001,-2690,market,,day,MV
o0000039,2018-06-26T21:00:00Z,I002,-5986,market,,day,MV
o0000040,2018-06-26T21:00:00Z,I004,144,market,,day,MV
o0000041,2018-06-26T21:00:00Z,I005,-4214,market,,day,MV
o0000042,2018-06-26T21:00:00Z,I006,20027,market,,day,MV
o0000043,2018-06-26T21:00:00Z,I007,-1,market,,day,MV
o0000044,2018-07-03T21:00:00Z,I000,-4142,market,,day,MV
o0000045,2018-07-03T21:00:00Z,I001,19,market,,day,MV
o0000046,2018-07-03T21:00:00Z,I002,5892,market,,day,MV
o0000047,2018-07-03T21:00:00Z,I004,198,market,,day,MV
o0000048,2018-07-03T21:00:00Z,I005,476,market,,day,MV
o0000049,2018-07-03T21:00:00Z,I006,7323,market,,day,MV
o0000050,2018-07-03T21:00:00Z,I007,-22209,market,,day,MV
o0000051,2018-07-10T21:00:00Z,I000,-12183,market,,day,MV
o0000052,2018-07-10T21:00:00Z,I001,-3718,market,,day,MV
o0000053,2018-07-10T21:00:00Z,I002,-1991,market,,day,MV
o0000054,2018-07-10T21:00:00Z,I004,-16,market,,day,MV
o0000055,2018-07-10T21:00:00Z,I005,3229,market,,day,MV
o0000056,2018-07-10T21:00:00Z,I006,7158,market,,day,MV
o0000057,2018-07-10T21:00:00Z,I007,14063,market,,day,MV
o0000058,2018-07-17T21:00:00Z,I000,-24893,market,,day,MV
o0000059,2018-07-17T21:00:00Z,I001,460,market,,day,MV
o0000060,2018-07-17T21:00:00Z,I002,454,market,,day,MV
o0000061,2018-07-17T21:00:00Z,I004,4736,market,,day,MV
o0000062,2018-07-17T21:00:00Z,I006,23991,market,,day,MV
o0000063,2018-07-17T21:00:00Z,I007,6073,market,,day,MV
o0000064,2018-07-24T21:00:00Z,I001,1,market,,day,MV
o0000065,2018-07-24T21:00:00Z,I002,-6863,market,,day,MV
o0000066,2018-07-24T21:00:00Z,I005,2042,market,,day,MV
o0000067,2018-07-24T21:00:00Z,I006,-1,market,,day,MV
o0000068,2018-07-24T21:00:00Z,I007,4650,market,,day,MV
