ts_event,instrument_id,quantity,mark_price,value
2018-05-23T21:00:00Z,I000,24205,31.986139410033935,774224.5044198714
2018-05-23T21:00:00Z,I001,4433,78.95902973128902,350025.37879880425
2018-05-23T21:00:00Z,I002,1190,73.0178488843904,86891.24017242459
2018-05-23T21:00:00Z,I003,6877,142.7771886381476,981878.726264541
2018-05-23T21:00:00Z,I004,-14506,65.85126356873909,-955238.4293281292
2018-05-23T21:00:00Z,I006,-1431,19.441690053209417,-27821.058466142676
2018-05-23T21:00:00Z,I007,-51214,19.20792385348332,-983714.6122322946
2018-05-24T21:00:00Z,I000,24205,31.24317996583645,756241.1710730713
2018-05-24T21:00:00Z,I001,4433,76.88488942480275,340830.7148201506
2018-05-24T21:00:00Z,I002,1190,70.67993619462712,84109.12407160627
2018-05-24T21:00:00Z,I003,6877,139.5096593373702,959407.9272630949
2018-05-24T21:00:00Z,I004,-14506,64.90538891876791,-941517.5716556474
2018-05-24T21:00:00Z,I006,-1431,18.843075032291477,-26964.440371209104
2018-05-24T21:00:00Z,I007,-51214,18.949304588999688,-970469.68522103
2018-05-25T21:00:00Z,I000,24205,31.617035200603063,765290.3370305971
2018-05-25T21:00:00Z,I001,4433,76.82145780284287,340549.5224400025
2018-05-25T21:00:00Z,I002,1190,67.78770841865718,80667.37301820204
2018-05-25T21:00:00Z,I003,6877,138.91560599656415,955322.6224383716
2018-05-25T21:00:00Z,I004,-14506,67.6043615532248,-980668.8686910791
2018-05-25T21:00:00Z,I006,-1431,19.1311190986015,-27376.631430098743
2018-05-25T21:00:00Z,I007,-51214,18.842314534741455,-964990.2965822489
2018-05-28T21:00:00Z,I000,24205,31.613589075517773,765206.9235729077
2018-05-28T21:00:00Z,I001,4433,75.97760433496866,336808.72001691605
2018-05-28T21:00:00Z,I002,1190,70.15990059304521,83490.2817057238
2018-05-28T21:00:00Z,I003,6877,137.9305356478302,948548.2936501283
2018-05-28T21:00:00Z,I004,-14506,69.03671160200129,-1001446.5384986307
2018-05-28T21:00:00Z,I006,-1431,19.508618040740167,-27916.832416299178
2018-05-28T21:00:00Z,I007,-51214,18.46741992708183,-945790.4441455689
2018-05-29T21:00:00Z,I000,24205,32.35849548573869,783237.3832323051
2018-05-29T21:00:00Z,I001,4433,73.57622529704032,326163.40674177976
2018-05-29T21:00:00Z,I002,1190,71.5365042000521,85128.439998062
2018-05-29T21:00:00Z,I003,6877,137.2765851810798,944051.0762902858
2018-05-29T21:00:00Z,I004,-14506,68.90255170506265,-999500.4150336388
2018-05-29T21:00:00Z,I006,-1431,19.358783557125626,-27702.41927024677
2018-05-29T21:00:00Z,I007,-51214,18.393466263696112,-942002.9812289327
2018-05-30T21:00:00Z,I000,29660,31.662828951306135,939119.5066957399
2018-05-30T21:00:00Z,I001,5393,71.84100046853312,387438.51552679914
2018-05-30T21:00:00Z,I002,-8498,68.89265366058082,-585449.7708076158
2018-05-30T21:00:00Z,I003,2133,133.73058970550346,285247.3478418389
2018-05-30T21:00:00Z,I004,-14469,66.78714716759953,-966343.2323679975
2018-05-30T21:00:00Z,I005,8062,123.9333939736723,999151.022215746
2018-05-30T21:00:00Z,I006,-23545,18.50070656178018,-435599.13599711435
2018-05-30T21:00:00Z,I007,-21008,17.84299212864656,-374845.57863860694
2018-05-31T21:00:00Z,I000,29660,32.767174503866855,971874.3957846909
2018-05-31T21:00:00Z,I001,5393,69.36974815550029,374111.0518026131
2018-05-31T21:00:00Z,I002,-8498,69.3618104061129,-589436.6648311474
2018-05-31T21:00:00Z,I003,2133,136.48640791073606,291125.5080736
2018-05-31T21:00:00Z,I004,-14469,66.48741455973057,-962006.4012647416
2018-05-31T21:00:00Z,I005,8062,122.06398934197519,984079.8820750039
2018-05-31T21:00:00Z,I006,-23545,18.53776275167243,-436471.6239881274
2018-05-31T21:00:00Z,I007,-21008,17.891368719822154,-375861.8740660238
2018-06-01T21:00:00Z,I000,29660,32.68452353677638,969422.9681007875
2018-06-01T21:00:00Z,I001,5393,70.97579554517904,382772.46537515055
2018-06-01T21:00:00Z,I002,-8498,68.9364967508313,-585822.3493885644
2018-06-01T21:00:00Z,I003,2133,135.005328694364,287966.3661050784
2018-06-01T21:00:00Z,I004,-14469,65.96952232247138,-954513.0184838383
2018-06-01T21:00:00Z,I005,8062,124.30176826293996,1002120.855735822
2018-06-01T21:00:00Z,I006,-23545,19.052642809857627,-448594.4749580978
2018-06-01T21:00:00Z,I007,-21008,18.489001594879685,-388416.94550523243
2018-06-04T21:00:00Z,I000,29660,33.499726538919276,993601.8891443458
2018-06-04T21:00:00Z,I001,5393,70.36036088969149,379453.4262781062
2018-06-04T21:00:00Z,I002,-8498,68.23485375363713,-579859.7871984083
2018-06-04T21:00:00Z,I003,2133,135.18339253704409,288346.17628151504
2018-06-04T21:00:00Z,I004,-14469,65.62058794194643,-949464.2869320228
2018-06-04T21:00:00Z,I005,8062,123.62503616580787,996665.0415687431
2018-06-04T21:00:00Z,I006,-23545,19.328853332023606,-455097.85170249577
2018-06-04T21:00:00Z,I007,-21008,18.855616343626423,-396118.7881469039
2018-06-05T21:00:00Z,I000,29660,33.829756953978645,1003390.5912550066
2018-06-05T21:00:00Z,I001,5393,71.82272697207526,387339.9665604019
2018-06-05T21:00:00Z,I002,-8498,70.43676786596208,-598571.6533249458
2018-06-05T21:00:00Z,I003,2133,141.64942003411463,302138.2129327665
2018-06-05T21:00:00Z,I004,-14469,69.22543215141982,-1001622.7777988934
2018-06-05T21:00:00Z,I005,8062,123.5409142744076,995986.8508802741
2018-06-05T21:00:00Z,I006,-23545,19.848580423094727,-467334.8260617654
2018-06-05T21:00:00Z,I007,-21008,19.64980339098864,-412803.0696378894
2018-06-06T21:00:00Z,I000,29470,34.45528175433865,1015397.15330036
2018-06-06T21:00:00Z,I001,-983,70.38494606633977,-69188.401983212
2018-06-06T21:00:00Z,I002,14154,70.54733326686616,998526.9550592237
2018-06-06T21:00:00Z,I003,-3137,142.55281757267926,-447188.18872549484
2018-06-06T21:00:00Z,I004,-14401,69.70598632886669,-1003835.9091220092
2018-06-06T21:00:00Z,I005,8070,123.06132642460345,993104.9042465498
2018-06-06T21:00:00Z,I006,-50229,19.656335283955357,-987318.0649777936
2018-06-06T21:00:00Z,I007,-14382,19.945321176296606,-286853.60915749776
2018-06-07T21:00:00Z,I000,29470,33.84378949065503,997376.4762896036
2018-06-07T21:00:00Z,I001,-983,70.53557458631047,-69336.46981834319
2018-06-07T21:00:00Z,I002,14154,70.18276401596566,993366.841881978
2018-06-07T21:00:00Z,I003,-3137,139.53011637925184,-437705.975081713
2018-06-07T21:00:00Z,I004,-14401,70.92578959052105,-1021402.2958930936
2018-06-07T21:00:00Z,I005,8070,124.27979570090123,1002937.951306273
2018-06-07T21:00:00Z,I006,-50229,19.73874890509821,-991457.6187541779
2018-06-07T21:00:00Z,I007,-14382,19.94025148417754,-286780.6968454414
2018-06-08T21:00:00Z,I000,29470,34.0291691974255,1002839.6162481295
2018-06-08T21:00:00Z,I001,-983,68.01029229381169,-66854.11732481689
2018-06-08T21:00:00Z,I002,14154,67.61755966475394,957058.9394949273
2018-06-08T21:00:00Z,I004,-14401,67.81735360854589,-976637.7093166693
2018-06-08T21:00:00Z,I005,8070,123.7875916976546,998965.8650000726
2018-06-08T21:00:00Z,I006,-50229,19.207169901581562,-964756.9369865402
2018-06-08T21:00:00Z,I007,-14382,19.542732598886875,-281063.58023719105
2018-06-11T21:00:00Z,I000,29470,35.019417029083556,1032022.2198470924
2018-06-11T21:00:00Z,I001,-983,67.68676702483386,-66536.09198541168
2018-06-11T21:00:00Z,I002,14154,67.57516525040815,956458.8889542769
2018-06-11T21:00:00Z,I004,-14401,67.8651402218673,-977325.8843351111
2018-06-11T21:00:00Z,I005,8070,127.40385600324409,1028149.1179461798
2018-06-11T21:00:00Z,I006,-50229,19.69599182992175,-989309.9736251394
2018-06-11T21:00:00Z,I007,-14382,19.97998656163375,-287352.16672941664
2018-06-12T21:00:00Z,I000,29470,34.444450953692524,1015077.9696053186
2018-06-12T21:00:00Z,I001,-983,69.19949762505047,-68023.10616542462
2018-06-12T21:00:00Z,I002,14154,67.75266326407449,958971.1958397103
2018-06-12T21:00:00Z,I004,-14401,68.93403682436914,-992719.0643077401
2018-06-12T21:00:00Z,I005,8070,127.62826898114854,1029960.1306778687
2018-06-12T21:00:00Z,I006,-50229,18.933263141107478,-950998.8743146876
2018-06-12T21:00:00Z,I007,-14382,19.846697326348202,-285435.2009475398
2018-06-13T21:00:00Z,I000,28948,34.301924592727225,992972.1131102677
2018-06-13T21:00:00Z,I001,-1467,70.46703067450703,-103375.1339995018
2018-06-13T21:00:00Z,I002,14132,68.77661513433867,971951.125078474
2018-06-13T21:00:00Z,I004,-14537,71.61079127464193,-1041006.0727594696
2018-06-13T21:00:00Z,I005,7851,128.1128820114247,1005814.2366716953
2018-06-13T21:00:00Z,I006,-50223,18.926531708599008,-950547.2020009679
2018-06-13T21:00:00Z,I007,-35357,19.743844537515045,-698083.1113129194
2018-06-14T21:00:00Z,I000,28948,32.96298104852981,954212.3753928411
2018-06-14T21:00:00Z,I001,-1467,73.8294789595901,-108307.84563371868
2018-06-14T21:00:00Z,I002,14132,67.37830804726036,952190.2493238834
2018-06-14T21:00:00Z,I004,-14537,73.27760848236524,-1065236.5945081434
2018-06-14T21:00:00Z,I005,7851,123.68665528159907,971063.9306158343
2018-06-14T21:00:00Z,I006,-50223,19.07417914465233,-957962.499181874
2018-06-14T21:00:00Z,I007,-35357,19.64758749794786,-694679.7511649425
2018-06-15T21:00:00Z,I000,28948,31.893819771415334,923262.294742931
2018-06-15T21:00:00Z,I001,-1467,68.77848213596133,-100898.03329345527
2018-06-15T21:00:00Z,I002,14132,67.32385298464325,951420.6903789785
2018-06-15T21:00:00Z,I004,-14537,72.1665436101783,-1049085.0444611618
2018-06-15T21:00:00Z,I005,7851,121.8889748141752,956950.3412660895
2018-06-15T21:00:00Z,I006,-50223,19.40745860594343,-974700.7935662968
2018-06-15T21:00:00Z,I007,-35357,19.542948699951246,-690980.0371841763
2018-06-18T21:00:00Z,I000,28948,32.499205110841054,940786.9895486268
2018-06-18T21:00:00Z,I001,-1467,69.85574075646925,-102478.37168974038
2018-06-18T21:00:00Z,I002,14132,68.13597150716956,962897.5493393202
2018-06-18T21:00:00Z,I004,-14537,73.66253058822863,-1070832.2071610796
2018-06-18T21:00:00Z,I005,7851,122.38940295450345,960879.2025958066
2018-06-18T21:00:00Z,I006,-50223,19.410101332499885,-974833.5192221417
2018-06-18T21:00:00Z,I007,-35357,19.568392621923437,-691879.6579333469
2018-06-19T21:00:00Z,I000,28948,32.5554737967161,942415.8554673376
2018-06-19T21:00:00Z,I001,-1467,69.90102893159445,-102544.80944264906
2018-06-19T21:00:00Z,I002,14132,67.63500484190182,955817.8884257565
2018-06-19T21:00:00Z,I004,-14537,73.78554184638568,-1072620.4218209088
2018-06-19T21:00:00Z,I005,7851,123.4448945273825,969165.86693448
2018-06-19T21:00:00Z,I006,-50223,19.06841145317472,-957672.8284127939
2018-06-19T21:00:00Z,I007,-35357,19.623448430702624,-693826.2661643527
2018-06-20T21:00:00Z,I000,3278,32.81847625115218,107578.96515127683
2018-06-20T21:00:00Z,I001,-1709,68.78965543752066,-117561.52114272282
2018-06-20T21:00:00Z,I002,14132,68.02062679029956,961267.4978005134
2018-06-20T21:00:00Z,I004,-13369,73.79553275158408,-986572.4773559275
2018-06-20T21:00:00Z,I005,7235,124.41531152023558,900144.7788489044
2018-06-20T21:00:00Z,I006,-46165,18.93703761203775,-874228.3413597227
2018-06-20T21:00:00Z,I007,5440,19.280846666982892,104887.80586838693
2018-06-21T21:00:00Z,I000,3278,33.25483055936012,109009.33457358248
2018-06-21T21:00:00Z,I001,-1709,69.4204593594898,-118639.56504536806
2018-06-21T21:00:00Z,I002,14132,68.17353821704354,963428.4420832593
2018-06-21T21:00:00Z,I004,-13369,74.82541834715501,-1000341.0178831153
2018-06-21T21:00:00Z,I005,7235,123.99435991979479,897099.1940197153
2018-06-21T21:00:00Z,I006,-46165,18.805727711172562,-868166.4197862813
2018-06-21T21:00:00Z,I007,5440,19.444264557234956,105776.79919135816
2018-06-22T21:00:00Z,I000,3278,32.72446692002694,107270.80256384831
2018-06-22T21:00:00Z,I001,-1709,71.11167352604484,-121529.85005601063
2018-06-22T21:00:00Z,I002,14132,67.03422558056928,947327.6759046051
2018-06-22T21:00:00Z,I004,-13369,73.02793069999673,-976310.4055282563
2018-06-22T21:00:00Z,I005,7235,118.91782376756716,860370.4549583484
2018-06-22T21:00:00Z,I006,-46165,18.361955831889937,-847679.6909791989
2018-06-22T21:00:00Z,I007,5440,19.647090266562433,106880.17105009964
2018-06-25T21:00:00Z,I000,3278,32.88979594660487,107812.75111297077
2018-06-25T21:00:00Z,I001,-1709,66.36902971325405,-113424.67177995117
2018-06-25T21:00:00Z,I002,14132,66.63296087501855,941657.0030857623
2018-06-25T21:00:00Z,I004,-13369,73.1211333804041,-977556.4321626225
2018-06-25T21:00:00Z,I005,7235,120.91157040688671,874795.2118938253
2018-06-25T21:00:00Z,I006,-46165,18.045286477854507,-833060.6502501533
2018-06-25T21:00:00Z,I007,5440,19.262809845983906,104789.68556215244
2018-06-26T21:00:00Z,I000,3278,32.50948111058552,106566.07908049933
2018-06-26T21:00:00Z,I001,-1709,67.75355708360998,-115790.82905588945
2018-06-26T21:00:00Z,I002,14132,66.12357447341898,934458.3544583571
2018-06-26T21:00:00Z,I004,-13369,74.60687257697882,-997419.2794816298
2018-06-26T21:00:00Z,I005,7235,121.51901281526351,879190.0577184315
2018-06-26T21:00:00Z,I006,-46165,18.001118967675968,-831021.657142761
2018-06-26T21:00:00Z,I007,5440,19.71632577583218,107256.81222052705
2018-06-27T21:00:00Z,I000,18131,32.37077866399162,586914.5879568321
2018-06-27T21:00:00Z,I001,-4399,65.9201850215014,-289982.8939095846
2018-06-27T21:00:00Z,I002,8146,67.15874960262778,547075.1742630058
2018-06-27T21:00:00Z,I004,-13225,75.81909560743341,-1002707.5394083068
2018-06-27T21:00:00Z,I005,3021,122.28390126322697,369419.6657162087
2018-06-27T21:00:00Z,I006,-26138,18.16010195605866,-474668.74492746126
2018-06-27T21:00:00Z,I007,5439,19.869010013081308,108067.54546114923
2018-06-28T21:00:00Z,I000,18131,31.93790030624635,579066.0704525525
2018-06-28T21:00:00Z,I001,-4399,67.39094308614021,-296452.7586359308
2018-06-28T21:00:00Z,I002,8146,67.57217133060942,550442.9076591444
2018-06-28T21:00:00Z,I004,-13225,77.38526006427514,-1023420.0643500388
2018-06-28T21:00:00Z,I005,3021,120.86767518473975,365141.2467330988
2018-06-28T21:00:00Z,I006,-26138,17.913419996406997,-468220.97186608607
2018-06-28T21:00:00Z,I007,5439,20.43276558641265,111133.8120244984
2018-06-29T21:00:00Z,I000,18131,32.318253874968896,585962.261007061
2018-06-29T21:00:00Z,I001,-4399,68.54490217868793,-301529.0246840482
2018-06-29T21:00:00Z,I002,8146,66.29731021643254,540057.8890230594
2018-06-29T21:00:00Z,I004,-13225,76.63042179564314,-1013437.3282473806
2018-06-29T21:00:00Z,I005,3021,118.57721534973759,358221.76757155725
2018-06-29T21:00:00Z,I006,-26138,17.74120043333198,-463719.49692643125
2018-06-29T21:00:00Z,I007,5439,20.60703434850315,112081.65982150863
2018-07-02T21:00:00Z,I000,18131,31.83512813657121,577202.7082441726
2018-07-02T21:00:00Z,I001,-4399,69.88751419812725,-307435.1749575618
2018-07-02T21:00:00Z,I002,8146,65.26351430352844,531636.5875165426
2018-07-02T21:00:00Z,I004,-13225,75.56574477957784,-999356.974709917
2018-07-02T21:00:00Z,I005,3021,116.87146367228982,353068.6917539876
2018-07-02T21:00:00Z,I006,-26138,17.71113917344601,-462933.7557155318
2018-07-02T21:00:00Z,I007,5439,20.071235736278446,109167.45116961846
2018-07-03T21:00:00Z,I000,18131,30.938936159724133,560953.8515119583
2018-07-03T21:00:00Z,I001,-4399,68.60729219167717,-301803.4783511879
2018-07-03T21:00:00Z,I002,8146,64.2030138090277,522997.7504883396
2018-07-03T21:00:00Z,I004,-13225,75.30981072299389,-995972.2468115941
2018-07-03T21:00:00Z,I005,3021,115.52869086815437,349012.1751126943
2018-07-03T21:00:00Z,I006,-26138,17.068238446474435,-446129.6165139488
2018-07-03T21:00:00Z,I007,5439,19.773763983066296,107549.50230389758
2018-07-04T21:00:00Z,I000,13989,30.24226359814253,423059.02547441586
2018-07-04T21:00:00Z,I001,-4380,66.57951807455329,-291618.2891665434
2018-07-04T21:00:00Z,I002,14038,62.59229363644733,878670.6180684476
2018-07-04T21:00:00Z,I004,-13027,74.60845999191405,-971924.4083146643
2018-07-04T21:00:00Z,I005,3497,114.59207981521158,400728.5031137949
2018-07-04T21:00:00Z,I006,-18815,17.122048338736615,-322151.3394933294
2018-07-04T21:00:00Z,I007,-16770,19.52059895344375,-327360.44444925163
2018-07-05T21:00:00Z,I000,13989,29.489957897724693,412535.02103127073
2018-07-05T21:00:00Z,I001,-4380,63.858447646412706,-279700.0006912876
2018-07-05T21:00:00Z,I002,14038,61.98358629376865,870125.5843919243
2018-07-05T21:00:00Z,I004,-13027,73.03408982679619,-951415.088173674
2018-07-05T21:00:00Z,I005,3497,113.55711589273815,397109.2342769053
2018-07-05T21:00:00Z,I006,-18815,17.377273692840866,-326953.4045308009
2018-07-05T21:00:00Z,I007,-16770,19.992559533645135,-335275.2233792289
2018-07-06T21:00:00Z,I000,13989,29.945585902942998,418908.8011962696
2018-07-06T21:00:00Z,I001,-4380,64.71585448475696,-283455.4426432355
2018-07-06T21:00:00Z,I002,14038,61.5665477672315,864271.1975563958
2018-07-06T21:00:00Z,I004,-13027,72.37923746425822,-942884.3264468919
2018-07-06T21:00:00Z,I005,3497,114.22533914661908,399446.0109957269
2018-07-06T21:00:00Z,I006,-18815,17.89594653336772,-336712.23402531364
2018-07-06T21:00:00Z,I007,-16770,19.629559713908172,-329187.71640224004
2018-07-09T21:00:00Z,I000,13989,29.517870571990404,412925.49143157376
2018-07-09T21:00:00Z,I001,-4380,63.41762550205554,-277769.1996990033
2018-07-09T21:00:00Z,I002,14038,60.974959161828664,855966.4767137507
2018-07-09T21:00:00Z,I004,-13027,73.30324930169284,-954921.4286531527
2018-07-09T21:00:00Z,I005,3497,111.4593669949219,389773.40638124186
2018-07-09T21:00:00Z,I006,-18815,17.704056714134616,-333101.8270764428
2018-07-09T21:00:00Z,I007,-16770,19.66220827905521,-329735.2328397559
2018-07-10T21:00:00Z,I000,13989,29.987864843570776,419500.2412967116
2018-07-10T21:00:00Z,I001,-4380,65.02230112397686,-284797.6789230186
2018-07-10T21:00:00Z,I002,14038,61.48375806461968,863108.995711131
2018-07-10T21:00:00Z,I004,-13027,73.57667417121093,-958483.3344283648
2018-07-10T21:00:00Z,I005,3497,112.97601523849094,395077.12528900284
2018-07-10T21:00:00Z,I006,-18815,17.900638210309552,-336800.5079269742
2018-07-10T21:00:00Z,I007,-16770,20.353320886575155,-341325.19126786536
2018-07-11T21:00:00Z,I000,1806,29.948337025546536,54086.69666813705
2018-07-11T21:00:00Z,I001,-8098,64.19400739053332,-519843.07184853876
2018-07-11T21:00:00Z,I002,12047,62.03300683943495,747311.6333946728
2018-07-11T21:00:00Z,I004,-13043,72.39165834362252,-944204.3997758686
2018-07-11T21:00:00Z,I005,6726,112.22210889632566,754805.9044366864
2018-07-11T21:00:00Z,I006,-11657,18.3788976308601,-214242.80968293617
2018-07-11T21:00:00Z,I007,-2707,19.846074351395643,-53723.32326922801
2018-07-12T21:00:00Z,I000,1806,29.388516722387326,53075.66120063151
2018-07-12T21:00:00Z,I001,-8098,63.69620822000568,-515811.894165606
2018-07-12T21:00:00Z,I002,12047,62.0685402246774,747739.7040866886
2018-07-12T21:00:00Z,I004,-13043,73.88669536884034,-963704.1676957845
2018-07-12T21:00:00Z,I005,6726,111.21361903090646,748022.8016018769
2018-07-12T21:00:00Z,I006,-11657,18.316872471476348,-213519.7823999998
2018-07-12T21:00:00Z,I007,-2707,19.938349779587604,-53973.11285334364
2018-07-13T21:00:00Z,I000,1806,28.791197949361155,51996.90349654625
2018-07-13T21:00:00Z,I001,-8098,62.34504528750684,-504870.1767382304
2018-07-13T21:00:00Z,I002,12047,61.49819994102374,740868.8146895131
2018-07-13T21:00:00Z,I004,-13043,72.36540614714905,-943861.992377265
2018-07-13T21:00:00Z,I005,6726,109.29676956535563,735130.072096582
2018-07-13T21:00:00Z,I006,-11657,17.637211424317485,-205596.97357326892
2018-07-13T21:00:00Z,I007,-2707,19.11570520551205,-51746.21399132112
2018-07-16T21:00:00Z,I000,1806,29.167868717285067,52677.17090341683
2018-07-16T21:00:00Z,I001,-8098,61.341137569279134,-496740.5320360224
2018-07-16T21:00:00Z,I002,12047,63.02197938353652,759225.7856334645
2018-07-16T21:00:00Z,I004,-13043,75.06632326706196,-979090.0543722891
2018-07-16T21:00:00Z,I005,6726,107.78526250182902,724963.675587302
2018-07-16T21:00:00Z,I006,-11657,17.65968718771424,-205858.9735471849
2018-07-16T21:00:00Z,I007,-2707,18.471749298245705,-50003.02535035112
2018-07-17T21:00:00Z,I000,1806,26.724833078640433,48265.048540024625
2018-07-17T21:00:00Z,I001,-8098,68.67250451950939,-556109.941598987
2018-07-17T21:00:00Z,I002,12047,61.37652187455081,739402.9590227136
2018-07-17T21:00:00Z,I004,-13043,77.29753095188975,-1008191.6962054981
2018-07-17T21:00:00Z,I005,6726,107.44473223401455,722673.2690059819
2018-07-17T21:00:00Z,I006,-11657,17.918501016289966,-208875.96634689212
2018-07-17T21:00:00Z,I007,-2707,19.523794396930555,-52850.91143249101
2018-07-18T21:00:00Z,I000,-23087,27.331121195179158,-630993.5950331013
2018-07-18T21:00:00Z,I001,-7638,67.0517389045233,-512141.181752749
2018-07-18T21:00:00Z,I002,12501,61.60576619361227,770133.683186347
2018-07-18T21:00:00Z,I004,-8307,73.95262149106557,-614324.4267262816
2018-07-18T21:00:00Z,I005,6726,112.36053941665622,755736.9881164298
2018-07-18T21:00:00Z,I006,12334,18.14829858878221,223841.11479403978
2018-07-18T21:00:00Z,I007,3366,19.22116743670329,64698.449591943274
2018-07-19T21:00:00Z,I000,-23087,26.972765826524235,-622720.244636965
2018-07-19T21:00:00Z,I001,-7638,69.36435416899263,-529804.9371427657
2018-07-19T21:00:00Z,I002,12501,60.23479834231131,752995.2140772337
2018-07-19T21:00:00Z,I004,-8307,74.01815972931216,-614868.8528713961
2018-07-19T21:00:00Z,I005,6726,115.24400397632301,775131.1707447486
2018-07-19T21:00:00Z,I006,12334,17.34550731012979,213939.48716314082
2018-07-19T21:00:00Z,I007,3366,20.05950099605699,67520.28035272783
2018-07-20T21:00:00Z,I000,-23087,25.756899075942187,-594649.5289662773
2018-07-20T21:00:00Z,I001,-7638,63.56940832142085,-485543.1407590125
2018-07-20T21:00:00Z,I002,12501,62.18378752768948,777359.5278836462
2018-07-20T21:00:00Z,I004,-8307,71.73007432379475,-595861.727407763
2018-07-20T21:00:00Z,I005,6726,112.14619791216433,754295.3271572172
2018-07-20T21:00:00Z,I006,12334,17.16582714264644,211723.31197740117
2018-07-20T21:00:00Z,I007,3366,19.565217112942893,65856.52080216577
2018-07-23T21:00:00Z,I000,-23087,25.248995522907588,-582923.5596373675
2018-07-23T21:00:00Z,I001,-7638,68.00721682023926,-519439.1220729875
2018-07-23T21:00:00Z,I002,12501,59.55983039640953,744557.4397855155
2018-07-23T21:00:00Z,I004,-8307,72.42937608683984,-601670.8271533785
2018-07-23T21:00:00Z,I005,6726,110.86122721124295,745652.61422282
2018-07-23T21:00:00Z,I006,12334,16.826218688185683,207534.5813000822
2018-07-23T21:00:00Z,I007,3366,19.997313632787034,67310.95768796116
2018-07-24T21:00:00Z,I000,-23087,26.382682005220918,-609096.9794545353
2018-07-24T21:00:00Z,I001,-7638,72.14752348459213,-551062.7843753147
2018-07-24T21:00:00Z,I002,12501,61.11719865440391,764026.1003787032
2018-07-24T21:00:00Z,I004,-8307,71.68883257048783,-595519.1321630424
2018-07-24T21:00:00Z,I005,6726,111.02511935420331,746754.9527763715
2018-07-24T21:00:00Z,I006,12334,17.61117686098847,217216.25540343177
2018-07-24T21:00:00Z,I007,3366,22.15283577856051,74566.44523063468
2018-07-25T21:00:00Z,I000,-23087,27.183011588811432,-627574.1885508895
2018-07-25T21:00:00Z,I001,-7637,69.01835178415946,-527093.1525756258
2018-07-25T21:00:00Z,I002,5638,58.69033776189369,330896.1243015566
2018-07-25T21:00:00Z,I004,-8307,69.62023967688698,-578335.3309959002
2018-07-25T21:00:00Z,I005,8768,111.50415948954746,977668.4704043522
2018-07-25T21:00:00Z,I006,12333,17.338155921953803,213831.47698545625
2018-07-25T21:00:00Z,I007,8016,21.562860205047173,172847.88740365813
2018-07-26T21:00:00Z,I000,-23087,27.470047542725734,-634200.987618909
2018-07-26T21:00:00Z,I001,-7637,66.00508839708421,-504080.8600885321
2018-07-26T21:00:00Z,I002,5638,56.02199163167475,315851.98881938227
2018-07-26T21:00:00Z,I004,-8307,73.81891168466947,-613213.6993645494
2018-07-26T21:00:00Z,I005,8768,111.03008202390257,973511.7591855777
2018-07-26T21:00:00Z,I006,12333,17.01840438626156,209887.98129576384
2018-07-26T21:00:00Z,I007,8016,21.717894353613136,174090.6411385629
2018-07-27T21:00:00Z,I000,-23087,28.777071296448547,-664376.2450211076
2018-07-27T21:00:00Z,I001,-7637,69.00010343915335,-526953.7899648141
2018-07-27T21:00:00Z,I002,5638,60.03871851853894,338498.29500752257
2018-07-27T21:00:00Z,I004,-8307,74.08330090938634,-615409.9806542724
2018-07-27T21:00:00Z,I005,8768,108.96530797894474,955407.8203593874
2018-07-27T21:00:00Z,I006,12333,17.274761477975357,213049.63330787007
2018-07-27T21:00:00Z,I007,8016,21.79471798169609,174706.45934127585
2018-07-30T21:00:00Z,I000,-23087,28.534316084513865,-658771.7554431716
2018-07-30T21:00:00Z,I001,-7637,61.824743483703,-472155.5659850398
2018-07-30T21:00:00Z,I002,5638,58.78029433629748,331403.2994680452
2018-07-30T21:00:00Z,I004,-8307,72.08284399346185,-598792.1850536875
2018-07-30T21:00:00Z,I005,8768,100.34032144080676,879783.9383929936
2018-07-30T21:00:00Z,I006,12333,16.351254991947258,201660.02781568552
2018-07-30T21:00:00Z,I007,8016,21.588187401969282,173050.91021418577
