study_id,trial_id,config_hash,sr_bar,t_bars,skew,kurt
S2-tuning,MINVAR#0,f3a60feeaa766a8b781fb242773529fda376ac11972a8d51414ea691ad72c451,0.014432676103964169,3996,0.08129446937707582,4.688207262979246
S2-tuning,MINVAR#1,b03fce1414aaa628a8c37c4c4e393b2d2a5da0f7af1cc91116aef90de9e7e0f9,0.020239640265870804,3996,0.1580703634573114,4.697674518305281
S2-tuning,MINVAR#2,0ea7046a672c35185bcc6a02d617e3f0048e6367f57e2f42af0a908dcf1a82b3,0.018196040936534243,3996,0.12402754405864655,4.622377749698666
S2-tuning,MINVAR#3,a0015ee33a444239eda3914626cfc28a0a799602af3a16d0ce1b976ee49839d8,0.02006387399628689,3996,0.16322932052444133,4.743527948600186
S2-tuning,MINVAR#4,23696faa23bc94b20a7ffef85c9a03ad2ede48ffe9af5e45777a2cda4be536f3,0.01264214576957547,3996,0.08913161808470096,4.684028082077715
S2-tuning,MINVAR#5,1c98f80dc110c52adbda019fcc3f4c586b7360141c4cba862afd08110a46853e,0.020062975560022924,3996,0.15120248622833923,4.718509408557937
S2-tuning,MINVAR#6,20338489c628675231ef084e79f40a019e25a320b017974b8d3447ff449bedde,0.01637886464064324,3996,0.10778597744404386,4.665644813246895
S2-tuning,MINVAR#7,54d4fcb1f379b85a055dfec77db4e5a1282261b36c8bdb22009f3086803de95b,0.01675933544433348,3996,0.09083175438603741,4.704448851771832
S2-tuning,MINVAR#8,9d10c04b26714d76c63f629af7cd01e6c39d35affe37e08bb2091791518d2137,0.02258344091196517,3996,0.14240607713540868,4.641620219573485
S2-tuning,MINVAR#9,33cb9f617d85fc2acea2280647dc5d8e7144552bb1b8642a059ccd7eaa7ce7ab,0.01921032032749695,3996,0.15027269674434793,4.703872900077343
S2-tuning,MINVAR#10,ae06d9612af56690ec0833f83f6e3568fd1114446fac2f0a02b96fad779a3141,0.01994692331575472,3996,0.13491159554169538,4.705201838644857
S2-tuning,MINVAR#11,86b6b7618b5331bc5fb4adbc94f384063907e14f4affa5b71ddadf8fe7a67252,0.015487974876843388,3996,0.07408935111756422,4.733498615419749
S2-tuning,MINVAR#12,85d12a481af2041e93396fb5f286ed8367646ae053c2e3c80fdb43b80a7571df,0.017144437499028248,3996,0.10748379367554337,4.649672688080108
S2-tuning,MINVAR#13,7eaa79215c7c9073d5c06c252eace944181d82963fb598747e7b09c763e5d1fc,0.02234818571067186,3996,0.13939296342679314,4.626101152616545
S2-tuning,MINVAR#14,1716edf8c0fdb6fc33407ca25c24d4d05f448e52b65644dbe9a3b975c1e13266,0.014438129156132615,3996,0.10265834597979674,4.69898745899552
S2-tuning,MINVAR#15,1f17499915fcecf4a21ea5e63b0e8dd6290e9c2a5a8f0dd611ca89201495f4d9,0.018778442019432566,3996,0.13841812779153792,4.706264075989233
S2-tuning,RANK_LS#0,71745ade6dfac91b1c06c61f99ee2a852d9873faf9dda23a511ffcf5487727c2,-0.05086022340349349,3996,0.02869383679366131,4.562860333318418
S2-tuning,RANK_LS#1,104141bcf8a3aafb323c6ed0d3b041b56ce02f4dde0af4c9f7a49b68936a8849,-0.04764526285111628,3996,0.02895103824676877,4.515640832241848
S2-tuning,RANK_LS#2,49e87f4a7cf7c03ca7d42bf435bd430973df88bf775afe724b7d1522d282dd0b,-0.04802201293073758,3996,0.030109844156574937,4.535338651356818
S2-tuning,RANK_LS#3,ad915f683e821e402455e8d20b7e22f3dfb9db6bb20976fc7f093f87aa06db38,-0.0474620794994185,3996,0.028303262362405882,4.504863812955361
S2-tuning,RANK_LS#4,bc11dfcffbe2fa7a6ba24653a340dd52af9a423731be2c677b672c130e06b97d,-0.04873403900999367,3996,0.030575905682872613,4.550784630896886
S2-tuning,RANK_LS#5,f133a412ca649cd5ea4060a7ce6909a4dbed548d57ba14265adef6c0942f753a,-0.05137222099810135,3996,0.029594997042922063,4.586598151167535
S2-tuning,RANK_LS#6,87a8efa107bf32ededa8986aa41e168a245b4b5e57c089444815af5951f492ac,-0.05046194645364174,3996,0.02845232293207634,4.558993924233575
S2-tuning,RANK_LS#7,f1949bc3c52f7341cdb734e4af97bb18468e52e3d825006a92206b8dc1c224b3,-0.048943875771952805,3996,0.03054368870628307,4.55235053189407
S2-tuning,RANK_LS#8,49587314716c4e7915044487b3a1ad68b0dec0fd7fdb89923b43723cf3def46c,-0.05128601450806092,3996,0.033369630921126145,4.628524077957865
S2-tuning,RANK_LS#9,f8bafd7b4ac2deca7f378ae8dffb69231cfb598b575906c14714a5f8ade9b044,-0.05131040909112862,3996,0.030764269932724724,4.633583204870448
S2-tuning,RANK_LS#10,51bcab755e64381a9070694dc5f2ac7d50e60cb32f24c6f55b9ed4733b288596,-0.05136333464656197,3996,0.028501348430161114,4.577195745186906
S2-tuning,RANK_LS#11,b294f240c9d44525c57a3ba3c3d6c8a2e979ecdda603016c706c1edd1a8378db,-0.047877682997786726,3996,0.02970427230648183,4.528664379082867
S2-tuning,RANK_LS#12,d46df9782a3763d5010ece47f302294e7b466bb89886069c16c2aa32b919a5e7,-0.05122020287676376,3996,0.03195582959853954,4.63999255804038
S2-tuning,RANK_LS#13,50f7fb3adfd6fdebb8d6b627fc38fd8dc112e95284f3c912b026b9f8094d1ad6,-0.04708203259803739,3996,0.026147099319346164,4.472184602285474
S2-tuning,RANK_LS#14,1a4b19c1faa73ce4d2bab7cf640d7a43dd9f721964ccefcd36f3e612b4fe38c6,-0.04939215682405497,3996,0.030619034166799942,4.557696606339703
S2-tuning,RANK_LS#15,6476533d5a0c940234f26ee536be41388a74b1efbb85a3861217ce5fb7d86cbd,-0.050526058006365115,3996,0.028473319723261854,4.558054212683715
S2-tuning,MV#0,01d9aa69bf7c4169010993289bf6da7a544d26b8c2a90b7e521b7273c0ef224f,-0.023293996863241156,3996,0.08951623252224816,8.547086843580725
S2-tuning,MV#1,9c7dff5154ec766f7ba3a3551f4d2ec06de7cd34513433c0a84288de26101b2c,-0.010057316874209223,3996,-0.035330944931373356,6.129516324497772
S2-tuning,MV#2,d9d82768d5d9f57dff22055f372385b8d6fb8d28fb555133ac63aa353ccceecf,-0.007372218637157202,3996,-0.10363834544946113,8.08819011739289
S2-tuning,MV#3,d82d9cdbb41bbbc6138eacba2cb78e8bf0e8c8f801dc9cd7c5e5375760fa2ef1,-0.0027374844734692656,3996,-0.2034883996566076,10.076948185383282
S2-tuning,MV#4,b47ca159b8d25a683d62566ee8ffd4d64f2fc0fe419f44dbc4be311ea05219ba,-0.023359417039914135,3996,0.20778921727021815,9.79127591646178
S2-tuning,MV#5,0eeb5922a3f3e55f9209a4b146e2d545d8bb1df917d922a7d0fd2e7f5a041494,-0.002919005737412903,3996,-0.1743843549820069,10.051030630585075
S2-tuning,MV#6,757fb8461a21dacdfe6a3da5ec6776d9c0bc785962420bb3996a53deddd5a23a,0.00929656772893382,3996,0.20672325751375759,8.846160191512734
S2-tuning,MV#7,b2c818735b1d61029679b45cb88e8e8ff98d7734f9dd159747276e9f754529be,0.018466620841576038,3996,0.29934632679424356,10.751288415647856
S2-tuning,MV#8,d2b7cb37a844439b10b70adaf7be5b3aca8048d31a206ce457e71ac6a101a35e,-0.024621557696106064,3996,0.10638244468164783,9.441476404886416
S2-tuning,MV#9,a325aa69cf95b860d4031e97f1b0cb93773de02b0940d5d8c20863f465f9296c,-0.029304576915359346,3996,0.11272341550167254,4.947251351643289
S2-tuning,MV#10,22b107bfd2401c800dd0b7d8374e8b7e87a3821d45c12ff47ff09c23eb9fb839,-0.0050697856265092475,3996,-0.32437188043666176,25.96928520111367
S2-tuning,MV#11,d8cc15238820fa231d612ba49ea03466a7230c81e5e120ac01a5b317d240b8c8,-0.0035447140667882117,3996,0.028232426605458348,12.20620087329795
S2-tuning,MV#12,d0d0da75502a0e7f355f62961eee56c5d30f608b01691b6f8767338a0c7ca566,0.020254506502767843,3996,0.4311676907918554,11.920497085281793
S2-tuning,MV#13,ca8c057bab1bdb87527877c266d6ddaf03c45839b259af018f6d0321c36055c3,-0.006019082178426131,3996,-0.06313523511375871,10.567754101514032
S2-tuning,MV#14,f4dc830c3a522822c3c2e21e25401c139e17efa80e589d72da57623ae70ccb8f,-0.005517735688299635,3996,0.12492395199784789,5.515186729434929
S2-tuning,MV#15,8d28a887190ea838ebf3ed8100d860d9e6f3816fb1363c7cb9c9c14c6c562a98,-0.027995806127773783,3996,0.1266648462565861,4.866718546632616
S2-tuning,MV_NC#0,1cccd736d8fe93ebcf052f5449d43cd70e0174d34d0842a1f173c08876c1c7d2,-0.04706891862362952,3996,-0.056040311541686066,4.714414946089412
S2-tuning,MV_NC#1,57eed9b676df5d68a277eef87dde0b88c9075fca1cc2d43dfa4ceffd15850e74,0.001089680363103509,3996,-0.040454230211163386,14.143774548358893
S2-tuning,MV_NC#2,0bb96a8a7156dec76e6d291bf54566f0f0ab63951ebbd8e2a7d73e6c026888f2,-0.01657899058182137,3996,-0.20011642806616556,13.119175260719903
S2-tuning,MV_NC#3,f9e0a7855415854553497263b0fe39497d2f4dd50c36829b39b1fd345eda837e,-0.03506450636822133,3996,-0.06714094461608851,6.0016171250611245
S2-tuning,MV_NC#4,f5ab21cc3e3993c23490ffac40fa5c2656f80f758dfefa668f8ad91d24f3e4e9,-0.037334193503174316,3996,-0.07283824410876796,5.7887356723686585
S2-tuning,MV_NC#5,675deb2c13b22df13eb742261642e67d38d1722c95e090d7aa2042d1c02530bc,-0.033430831649543365,3996,-0.05962634677142788,6.198491216463847
S2-tuning,MV_NC#6,86a9017165f1df9d4438afba8e988b4b4e2ebb57549eb6a8980de602d3df7e05,-0.04853962226909473,3996,-0.05103118139686749,4.707800744462408
S2-tuning,MV_NC#7,3a7bc777d018245f41981a5731290bafb0fc8660928b92fd519288908447c076,-0.0001455636626224166,3996,0.024537093396745546,9.16899235436889
S2-tuning,MV_NC#8,490c1e6cd9b1022a20da8b03d02d6c3bc34d1422ae8041f2ac4a63ed58de008b,-0.002704234035794889,3996,-0.07200119616138353,13.622058133859834
S2-tuning,MV_NC#9,b3e680d274a85c6fd7182fddb65446c6bf217d0b36afdaba5b173fb28a1cb1e0,-0.01792813806587191,3996,-0.14852869580336428,11.262737910621292
S2-tuning,MV_NC#10,0889840eac92de30a24e6eb36bc72947aa7f0e54909a0c73c883ac49a5293d3f,-0.02024393881986054,3996,-0.03066037410973747,8.703271332977414
S2-tuning,MV_NC#11,021aa8d046d8e186f6c5a462ca508af45386868fdac90b1519a7d55287056380,0.006901764352990588,3996,0.06309239133823796,9.11677964322961
S2-tuning,MV_NC#12,b9370a40a8484ba58f70c45fa0344b3e429f110b26a0418c7ecc18b3f1808e8c,-0.010989669566123048,3996,-0.1321426390298265,13.852849835225618
S2-tuning,MV_NC#13,fa453f31d35af398c31f810fe2bbce1de1ed4428d4e83769b286acc3574a158e,-0.025460894546410658,3996,-0.0184422254292574,7.033327147148856
S2-tuning,MV_NC#14,7123a3f3bd080b9e1db05883d63348de93f1868ef21e01e80a02ffab9d54a319,-0.025208653454221342,3996,-0.036142245854536945,7.657004254490529
S2-tuning,MV_NC#15,7e3bf81de4e2deeecbc022b87b3ad40d0085cd9b3168f113f45441a3312948ef,-0.025227749628625198,3996,-0.05855503888413226,7.7787759777799454
S2-tuning,CVAR#0,36ed583a37e13338fa483af8a59a3dc701a1eb6d53a88282d1a8d08b54902fef,0.0002202064586753782,3996,-0.12186396724051934,6.386437395909736
S2-tuning,CVAR#1,f7c0b45f6c59f0e4902b80b137e952b3325c3689b0ac164d0c1e52c7a27b4d42,-0.00023692060410406132,3996,0.14245000657921908,4.709577165726703
S2-tuning,CVAR#2,a35f7dfe3c566e12bb818aa62a2c1ba501995f01e814b82519a096df34270c45,-0.01150383959135904,3996,-0.03532380946870346,15.277606199220575
S2-tuning,CVAR#3,69eb5e3d2db39981f6d18646295c2644e2047c08bfe89527e8b55da2c1afb202,0.00011536225730596981,3996,0.1507305796551814,5.291865628073835
S2-tuning,CVAR#4,feeaf30563621ce6c64a28ed0599ff871bf50f8c49199bd73530ee1edcf5b36c,0.011361497591615984,3996,0.15512617017999838,5.04775174393244
S2-tuning,CVAR#5,5d06ef0cc936f0ae955489e6824528844ac91f711c432b57b6f30ebe531dfef2,0.018455713213866576,3996,0.14129442708222253,4.698891161047446
S2-tuning,CVAR#6,149bf7459e2da4e5948bc19a6c5ec940401b17f96973c2e4b42ec0bfb2998dad,0.0012680589504096332,3996,-0.17905328588607997,6.437087845741397
S2-tuning,CVAR#7,b9665f9172f66e26995b7535ee3f3071d31aa92dff88cd0b93c184d7a14ebcf6,-0.021734569266653157,3996,0.1310484848373912,6.55638677202777
S2-tuning,CVAR#8,6ebca4cb4459f719183becaac2cc41880f0fc44b39a48e0d30b0c155aeecf244,-0.003173773636895725,3996,0.29704245317791045,9.216444194699566
S2-tuning,CVAR#9,19b3fa5bdafea3f23b4e8eeedf0901a939a67ebc4653862d375e2e4545bfae82,-0.0028155626630516836,3996,-0.16852388214557154,10.080673212103408
S2-tuning,CVAR#10,6d2fe2f47a72e7ac4626f6cb597d2da8480c0e085c15a643492c5f41093c2d1b,-0.0009600725390174086,3996,0.044021326102850145,6.408712981207591
S2-tuning,CVAR#11,56e7ad8181071308950aa2bf973d5745cf2052fe2c80cf521e8999b6217434d8,-0.002993802887547268,3996,-0.13961070823999205,7.051672603619452
S2-tuning,CVAR#12,1903ff9bace893f55bfd1c8d0285889b08c04ed74edc58d3558b40cf5bf30e41,0.015591693992895374,3996,0.36225522311939484,7.918079691508553
S2-tuning,CVAR#13,529b6d747c79c4257367698a2d1f060f90a6aecb93c3777878d7a61ba2db6d86,-0.004958759142759382,3996,0.13199628441237563,5.293656926529394
S2-tuning,CVAR#14,ab10e0aac15caf3bcaf9e8b009744d4d86bc4355f79d154fa714819877617786,0.0020767275174213115,3996,-0.11193349175796591,26.61284239295682
S2-tuning,CVAR#15,1c4665eff9c1b80d9dc031f112e2e4039fb4132df48aa716e17cafeb6daec498,-0.0002067831961605586,3996,-0.21510114440557723,7.499852159133063
S2-tuning,ROBUST#0,d51bdc34859d0513d2e7bfab7bf13f5a12285bfa6b522702883899413f48336e,0.008793918211126597,3996,0.06350832381669821,28.72990184301265
S2-tuning,ROBUST#1,01ccd90bdcacf02fb7f4cbeb45f74da559502ebfcad7b0d5f5b14e87fbece3a2,-0.01668219841239772,3996,0.12184246653250712,11.630324753373898
S2-tuning,ROBUST#2,9312ba384ccf0ba272d3ec2e90c1ef2386428e1e89d7b5bdb9bfff39040d30c5,0.0008330692616536862,3996,0.1771260085217753,36.482827478354125
S2-tuning,ROBUST#3,a04271ac301cf77190156a7ee66c13c94b58c3ce00c0f972d5f7714f84eb342f,-0.0047127668914201315,3996,-0.01863755266860399,12.774986722159458
S2-tuning,ROBUST#4,558a5fb290b6c08998d7e36972b2c56a07cf4d52c7341595ab17d5225f06195b,0.00611125279620214,3996,0.17235731281029176,16.084727607091526
S2-tuning,ROBUST#5,339226a1a82a65b4be8d1d0a7ae01b4109836d7f09a8a9f59705f191ab73bc79,0.0037644405634574864,3996,-0.11237110988635945,15.781334598809284
S2-tuning,ROBUST#6,de0b1bea5ddabcc34f2cb359af4c816f285e70efd746b4d7313816c8fbbfbb1b,0.00808321695025121,3996,0.12105780951827042,29.577728355672058
S2-tuning,ROBUST#7,0d23859e999e83b8fbf40aed73853eae6db8b7eebfb68627e969d121d8940c4f,0.01296263285574384,3996,0.3583226270787996,15.322780306858242
S2-tuning,ROBUST#8,9c5ebdccbadc31cfb35f79aa3d0f9e955934397b96b5e204fbdb07a492ec3338,-0.007305000022199472,3996,0.0008925448822843551,14.355964849312079
S2-tuning,ROBUST#9,692a1c19bc10873bce67bf8b1bbb9205ec90b523b4fffeb108bcc6ebed982297,0.0014423806222517207,3996,-0.10147767999901162,17.892124791378794
S2-tuning,ROBUST#10,5b29f94791f25455b5304ffbdb82cc40f841351f5053e91a6fa67dab10b0d925,-0.004646582299201504,3996,-0.071151952076654,9.640878886426014
S2-tuning,ROBUST#11,a45bfb09458f83d4ec3e80caef926ffef8cb5291a0159fb6d9856323af0463a7,0.007673302872877917,3996,0.043013043144102966,27.534505118383574
S2-tuning,ROBUST#12,f85c1e1939d119dbf906c40a4ebcdfd98d44cae38ed6b47db194d1fded7705e5,0.006748628626325695,3996,0.18701750868099404,16.674483461344153
S2-tuning,ROBUST#13,893bad70692d22bfcc116836279fdb7fb6ab52b2788eece81f3b46c635a7204a,0.003450569976172696,3996,-0.07690662405345619,19.015531300734686
S2-tuning,ROBUST#14,7ebaa3709b56dd9ded31fe0d5bcc2f7594ec04488192a2bc94d828dcb1168a2f,0.0033217446621150097,3996,0.015553867684733706,20.427716273860575
S2-tuning,ROBUST#15,061998b25f342e24f038c01fcc4f09ac8ee1bb624c0d9a91ce8dfd93dd222c02,0.0030184428585325078,3996,0.0908869875256994,23.86929799321407
S2-tuning,MPC#0,7d25e6a3026a3a6db17ba409a6ea555b2969bf94c05d2ac1f29765d29caea669,0.012918780753768101,3996,0.19389184272154633,9.431457925461524
S2-tuning,MPC#1,e1b20534d56eb12bc43169c187dad9e244c6b404abf1182fe9e61194c1ba2516,-0.029294806995869182,3996,0.13413486027601731,6.864766148838687
S2-tuning,MPC#2,0f240ce4ccb2faa8e0943221d92a40b70b0d0811aab448a090863a3bba21eef9,0.01838108770271027,3996,0.18247342785240123,7.548482857015561
S2-tuning,MPC#3,d090f5a32b8ecade42df02c159337c786e364faa2e48194217e6547504338847,0.013413732681703028,3996,0.34072531417611,11.211747872808164
S2-tuning,MPC#4,a29262444475f88d5d43d0e33cc261608fd44241fa47b2016dfcf86de7fcc9e2,0.019399739479010268,3996,0.16878422652509176,6.478033307550877
S2-tuning,MPC#5,11da88088284314612808756a7bbe651b86168d2e94a191236eca3b840cf480e,-0.021486696670093026,3996,0.12365563108261404,9.552584240603851
S2-tuning,MPC#6,f7f8c8b94b76de41c1ec0a55eac9742bada7d4846e7b074c5cc11e15d9976330,0.011480332798553781,3996,0.19885834993998958,10.726306896932066
S2-tuning,MPC#7,cfc10709c17dfa07834dd2b4dd523806d4882998eec62ddd2fcabb99fe1ea546,0.013941174221199823,3996,0.21594089537841504,11.088612036866888
S2-tuning,MPC#8,1b73c91a14e7492c71e8d5274d7bc47a1c5b24d5a9dfc12c8ba748d7729dadd8,0.0009060624815668651,3996,-0.016800928202976587,22.590524318782343
S2-tuning,MPC#9,14005e9a15e032074e465cd2937756b6e1706428c63868fad37c7859676f9b87,0.011024840223398124,3996,0.1742116118796131,13.79580603529334
S2-tuning,MPC#10,c15fd6bd79c7c5973381534d2a59a021095ec247399e867be228bdad682e5d67,0.009672959724958899,3996,0.1780405572891408,11.324821263144235
S2-tuning,MPC#11,f6179b61f7fe17db4400103d36292c3c6b486ed2e92ab5f5c4e95834581d0df6,-0.013672624604754186,3996,0.2100867518873154,10.233104897735757
S2-tuning,MPC#12,27a6524d7bf09c321724fd32329ecc5bd2319d3f0041825e7f93c1d50d7bea1f,0.01372843393854556,3996,0.2941817133094865,10.67728975555228
S2-tuning,MPC#13,a3bf7bfdb80fdb18d4f73cea73400e1863017ec64f7d52b2baf22ed5bc0c418d,0.014167784823392676,3996,0.19353693669546743,12.6501060454567
S2-tuning,MPC#14,507bf9b306333434070b118ec239de27f73af37f78cd0b39e3dd5d402a9b31ab,0.010283213578312059,3996,0.20516014127952287,12.541185620108482
S2-tuning,MPC#15,c99e0f0481810f9177eda2ace19957f792fc54266d939749748d5f4c8a1eb4bc,-0.0072249041719138095,3996,-0.09592787844494459,8.757811318059305
